student_id,faculty,year,age,gender,mood_score,stress_level,anxiety_level,sleep_hours,study_hours_per_day,missed_classes,gpa,social_activity,physical_activity_days,financial_stress,family_support,commute_minutes,asked_for_help,has_scholarship,lives_alone,wellbeing_score,risk_label
MUST1001,Engineering,5,23,Female,7.2,4.6,3.0,6.6,0.6,0,2.46,5.3,1,6.5,10.0,17,0,0,1,79.6,Healthy
MUST1002,Science,2,24,Male,5.2,7.7,7.6,6.0,7.6,2,3.9,6.2,2,8.5,7.8,15,1,0,0,47.5,Moderate Risk
MUST1003,Business,4,25,Male,4.7,8.4,4.3,5.3,4.5,1,3.14,6.2,2,8.6,4.6,10,1,0,1,45.0,Moderate Risk
MUST1004,Business,2,25,Female,6.7,10.0,4.4,6.4,5.6,3,2.38,8.9,2,8.4,4.0,29,0,1,0,50.8,Moderate Risk
MUST1005,Computer Science,5,19,Female,2.7,6.2,3.6,7.7,5.4,0,4.0,1.0,3,7.2,4.9,35,0,1,0,47.4,Moderate Risk
MUST1006,Computer Science,5,26,Male,5.9,4.6,1.2,9.5,7.5,2,3.13,1.5,4,10.0,4.5,47,1,0,1,73.0,Healthy
MUST1007,Computer Science,1,24,Female,3.3,3.8,6.0,7.3,1.3,0,3.31,6.2,5,6.1,6.2,90,0,1,1,59.5,Moderate Risk
MUST1008,Architecture,5,21,Male,8.1,3.6,9.4,3.0,5.2,3,2.74,1.7,2,5.8,2.6,7,0,0,0,50.3,Moderate Risk
MUST1009,Business,1,21,Female,8.6,8.7,5.4,6.4,7.3,5,2.42,1.0,0,10.0,7.4,31,0,0,0,50.0,Moderate Risk
MUST1010,Business,4,25,Male,4.8,2.7,1.2,6.6,4.8,0,3.0,9.2,1,1.0,6.2,12,0,0,0,89.7,Healthy
MUST1011,Computer Science,2,21,Male,7.4,8.7,7.3,7.8,3.1,5,3.85,1.0,2,4.5,7.2,28,0,0,0,48.5,Moderate Risk
MUST1012,Science,2,23,Female,8.3,4.1,1.8,6.8,3.8,2,2.71,3.6,1,8.1,3.5,16,0,0,0,77.1,Healthy
MUST1013,Architecture,1,22,Male,8.3,4.5,2.7,8.3,4.2,0,2.88,4.4,5,7.5,6.5,120,0,1,1,85.7,Healthy
MUST1014,Computer Science,2,20,Female,6.9,5.7,5.0,7.0,3.6,1,3.77,7.8,1,10.0,8.9,32,0,0,0,69.6,Healthy
MUST1015,Computer Science,5,19,Female,8.0,4.5,5.8,8.7,4.7,0,2.72,1.0,4,5.3,4.1,76,0,0,1,70.8,Healthy
MUST1016,Computer Science,3,26,Female,5.2,8.1,3.2,5.9,8.0,3,3.21,5.5,0,3.9,4.0,45,0,0,1,53.0,Moderate Risk
MUST1017,Engineering,1,26,Male,6.7,10.0,4.9,6.7,3.8,3,3.43,2.3,4,4.2,7.6,58,1,0,0,51.5,Moderate Risk
MUST1018,Engineering,2,18,Male,5.6,4.6,7.1,7.7,4.0,0,2.78,6.1,3,5.8,3.9,42,1,1,1,60.7,Moderate Risk
MUST1019,Engineering,1,20,Male,5.0,5.0,7.5,5.7,5.9,1,3.09,2.2,6,9.1,5.5,15,0,0,0,49.8,Moderate Risk
MUST1020,Computer Science,1,25,Female,6.6,5.6,8.4,5.4,4.7,4,3.3,8.4,1,9.1,9.2,7,0,1,0,57.4,Moderate Risk
MUST1021,Business,3,23,Female,7.2,7.2,9.9,5.6,2.3,6,2.66,2.2,2,4.9,4.1,11,1,1,0,37.3,High Risk
MUST1022,Computer Science,5,22,Female,8.8,5.7,7.4,5.5,4.9,1,3.39,1.0,2,5.6,9.4,5,0,0,0,66.1,Healthy
MUST1023,Computer Science,1,22,Female,7.0,9.1,5.0,7.2,4.8,7,2.57,2.5,3,3.5,5.3,18,0,0,1,51.1,Moderate Risk
MUST1024,Engineering,2,23,Female,7.8,8.5,7.5,3.9,7.0,1,2.49,3.8,2,3.7,3.5,17,1,1,1,47.2,Moderate Risk
MUST1025,Engineering,4,24,Female,7.8,3.4,6.6,4.3,3.1,1,1.98,7.2,2,7.6,7.3,18,0,1,0,71.4,Healthy
MUST1026,Architecture,1,18,Male,10.0,7.1,6.7,9.1,7.0,4,2.6,1.4,2,9.0,6.2,91,1,0,1,63.9,Healthy
MUST1027,Computer Science,1,26,Female,2.9,9.3,5.9,5.5,4.8,1,2.41,1.4,0,3.3,6.0,60,1,1,0,28.0,High Risk
MUST1028,Engineering,3,20,Male,5.1,4.9,3.4,6.8,2.8,1,2.66,6.9,5,5.6,4.3,5,0,1,1,69.4,Healthy
MUST1029,Business,5,21,Female,9.4,5.4,3.1,4.4,2.4,1,3.27,1.1,7,4.4,6.2,11,0,0,0,80.2,Healthy
MUST1030,Computer Science,4,18,Female,5.8,4.8,5.3,6.6,8.9,4,1.86,4.1,4,7.2,1.5,13,0,0,0,56.6,Moderate Risk
MUST1031,Business,2,20,Female,8.3,4.9,5.8,5.5,4.7,4,1.72,4.1,1,4.0,6.5,11,0,1,0,68.6,Healthy
MUST1032,Computer Science,4,19,Male,7.0,2.3,3.9,4.3,6.9,1,2.45,5.0,1,1.0,8.9,40,0,1,0,86.2,Healthy
MUST1033,Computer Science,2,19,Male,10.0,3.1,6.5,8.4,1.6,1,3.18,2.6,4,7.5,2.1,18,0,0,0,77.6,Healthy
MUST1034,Science,5,18,Male,4.3,6.2,10.0,8.2,10.3,1,3.07,2.2,4,4.2,5.1,21,0,0,1,43.6,Moderate Risk
MUST1035,Science,2,25,Male,8.9,9.3,1.5,6.3,6.8,2,2.44,5.3,2,4.5,4.1,47,1,0,0,70.4,Healthy
MUST1036,Architecture,3,20,Male,10.0,4.7,6.8,7.9,4.5,0,3.6,2.3,4,6.1,2.7,40,0,0,1,74.4,Healthy
MUST1037,Engineering,3,20,Female,4.5,4.6,5.3,9.2,4.4,3,2.5,1.1,0,5.9,1.5,5,0,1,1,48.9,Moderate Risk
MUST1038,Computer Science,3,23,Female,8.1,9.7,6.5,7.6,6.5,1,3.18,7.6,4,6.1,3.4,31,0,0,0,58.1,Moderate Risk
MUST1039,Business,3,25,Male,4.6,3.6,4.5,7.2,6.4,1,2.68,5.7,3,1.0,5.5,14,0,0,0,73.9,Healthy
MUST1040,Engineering,4,26,Male,6.6,2.3,5.2,6.8,5.4,0,2.38,8.9,1,6.4,8.5,8,0,0,1,84.9,Healthy
MUST1041,Computer Science,5,26,Male,6.0,4.2,5.8,7.4,5.0,0,2.54,6.5,0,1.0,2.7,5,0,0,0,68.5,Healthy
MUST1042,Engineering,2,21,Female,1.7,4.5,4.8,6.0,6.1,7,3.34,1.3,3,6.9,6.6,16,0,0,0,41.4,Moderate Risk
MUST1043,Computer Science,2,22,Male,7.3,2.2,2.0,6.1,1.5,0,3.12,4.7,6,7.8,6.5,10,1,0,0,89.4,Healthy
MUST1044,Science,3,19,Female,6.8,5.7,5.0,7.1,4.3,0,3.48,2.0,3,1.6,9.7,7,1,0,0,74.5,Healthy
MUST1045,Computer Science,3,26,Male,9.5,8.1,2.2,5.8,1.7,1,3.12,1.0,1,5.8,7.3,29,0,0,1,69.1,Healthy
MUST1046,Business,1,25,Female,7.7,3.2,7.0,6.0,6.2,0,1.93,3.4,3,7.6,7.4,36,0,0,0,71.4,Healthy
MUST1047,Engineering,5,20,Female,10.0,6.2,1.2,6.5,3.6,0,4.0,7.0,6,3.9,7.5,7,0,0,0,100.0,Healthy
MUST1048,Engineering,4,26,Male,6.7,6.9,7.9,8.1,1.9,0,3.13,5.2,4,6.7,4.0,5,0,1,0,54.6,Moderate Risk
MUST1049,Engineering,2,20,Female,6.3,5.8,6.5,4.9,3.4,1,3.21,1.0,4,1.0,4.7,47,0,0,1,55.6,Moderate Risk
MUST1050,Computer Science,1,26,Male,6.1,6.4,6.5,7.6,5.3,2,2.67,3.3,5,7.7,8.5,5,1,0,1,60.5,Moderate Risk
MUST1051,Science,1,19,Female,5.6,6.4,1.0,7.6,4.6,1,3.57,4.1,4,5.1,1.5,69,0,1,0,66.5,Healthy
MUST1052,Architecture,2,26,Male,2.1,4.2,4.7,7.6,2.7,1,2.24,1.0,2,4.4,4.5,24,0,0,0,46.8,Moderate Risk
MUST1053,Science,4,25,Female,6.1,9.3,8.2,5.4,1.6,8,3.27,6.3,0,7.5,3.1,9,0,1,0,28.1,High Risk
MUST1054,Science,1,26,Female,2.4,8.7,4.3,4.1,5.1,1,1.65,3.9,1,9.3,6.5,7,1,0,0,29.5,High Risk
MUST1055,Business,1,22,Female,7.4,8.6,3.0,7.3,3.8,0,3.31,1.0,1,6.2,5.1,5,1,0,0,58.0,Moderate Risk
MUST1056,Science,5,19,Female,4.0,8.2,4.0,6.8,4.5,0,2.25,1.0,4,9.0,7.4,6,0,1,1,44.7,Moderate Risk
MUST1057,Computer Science,4,25,Male,4.7,2.5,5.3,7.9,4.7,1,3.07,7.3,4,1.1,5.8,5,0,1,0,80.1,Healthy
MUST1058,Computer Science,1,23,Male,5.2,8.0,3.5,5.5,5.9,3,3.71,3.5,3,6.7,2.6,23,0,0,0,47.0,Moderate Risk
MUST1059,Computer Science,4,25,Male,6.1,7.4,8.3,7.6,6.7,0,3.39,7.5,1,4.7,2.7,5,0,0,1,51.4,Moderate Risk
MUST1060,Engineering,2,22,Male,6.5,2.6,5.4,8.0,5.3,3,3.63,8.4,6,3.0,6.0,18,0,0,0,88.1,Healthy
MUST1061,Engineering,3,19,Female,8.7,5.5,4.2,6.4,4.4,0,3.57,7.1,2,1.0,4.3,22,1,1,0,83.1,Healthy
MUST1062,Computer Science,1,23,Male,5.3,6.6,2.5,7.1,5.0,1,2.59,3.2,4,6.5,4.8,8,1,1,0,62.0,Healthy
MUST1063,Architecture,5,22,Female,7.5,9.7,6.6,7.0,4.3,3,3.26,1.0,3,7.2,8.1,5,1,0,0,47.5,Moderate Risk
MUST1064,Engineering,2,22,Female,10.0,7.6,6.6,5.3,1.7,1,1.87,5.3,3,8.4,7.7,5,0,0,1,65.4,Healthy
MUST1065,Computer Science,4,18,Female,7.3,4.1,3.7,7.2,7.2,2,2.49,9.7,4,7.9,10.0,5,1,0,0,90.8,Healthy
MUST1066,Engineering,2,19,Male,6.1,9.7,1.0,8.8,6.8,0,3.74,4.4,2,3.1,5.3,33,1,0,0,67.5,Healthy
MUST1067,Computer Science,1,25,Female,4.9,6.1,6.4,6.5,9.0,3,2.67,1.0,5,8.2,4.6,9,0,0,0,46.5,Moderate Risk
MUST1068,Architecture,4,20,Female,6.1,5.4,5.1,4.5,9.6,0,1.78,2.8,0,8.5,6.9,39,1,0,1,55.1,Moderate Risk
MUST1069,Computer Science,3,20,Male,4.7,5.3,6.3,5.5,2.6,4,4.0,4.0,1,4.4,4.8,14,0,0,0,48.6,Moderate Risk
MUST1070,Science,2,25,Female,7.0,2.4,10.0,4.0,4.3,0,3.24,1.8,5,5.1,4.8,15,1,1,0,58.7,Moderate Risk
MUST1071,Architecture,1,25,Female,6.7,5.8,5.4,8.3,10.0,5,3.36,1.0,4,2.7,5.6,17,0,1,1,65.8,Healthy
MUST1072,Computer Science,5,19,Male,2.2,7.1,4.3,7.6,4.9,1,2.31,4.3,7,8.7,9.6,31,0,0,0,51.7,Moderate Risk
MUST1073,Computer Science,4,25,Male,6.5,5.2,2.9,5.8,5.5,3,3.07,2.5,3,1.2,7.5,7,0,0,1,74.9,Healthy
MUST1074,Architecture,2,18,Male,8.7,6.9,4.8,4.5,2.0,0,3.05,8.9,6,6.3,7.8,5,0,1,0,78.0,Healthy
MUST1075,Business,2,23,Male,5.7,4.1,5.9,5.3,5.3,5,2.41,4.8,0,3.5,9.5,20,0,0,0,64.5,Healthy
MUST1076,Business,3,25,Male,5.2,5.7,5.6,5.6,8.9,0,2.8,5.7,0,2.2,8.0,9,0,1,0,64.1,Healthy
MUST1077,Architecture,3,20,Male,3.7,6.7,9.5,6.7,7.6,0,2.0,4.2,5,1.0,3.5,14,0,0,0,42.9,Moderate Risk
MUST1078,Computer Science,5,25,Male,2.8,6.4,6.6,6.6,3.8,1,2.69,4.7,0,4.5,8.0,26,0,0,0,43.8,Moderate Risk
MUST1079,Engineering,5,18,Male,8.2,2.5,5.2,8.4,4.2,0,3.48,1.0,3,1.8,8.2,17,1,0,0,89.1,Healthy
MUST1080,Computer Science,1,26,Female,6.1,5.0,3.9,5.5,2.7,0,2.45,1.9,5,5.1,7.4,24,1,0,0,67.6,Healthy
MUST1081,Architecture,1,26,Female,8.0,9.7,6.1,4.4,3.3,7,4.0,7.2,4,9.4,5.6,19,0,1,0,47.3,Moderate Risk
MUST1082,Business,5,22,Female,9.6,4.9,3.4,4.9,1.2,9,2.04,5.0,3,5.5,7.2,33,1,0,0,76.9,Healthy
MUST1083,Engineering,5,21,Male,8.3,6.0,5.9,6.5,4.8,1,2.74,3.5,2,10.0,6.0,30,0,0,1,62.1,Healthy
MUST1084,Computer Science,4,23,Male,5.4,5.8,6.6,5.5,8.0,6,2.51,5.7,3,2.5,3.8,19,1,0,0,54.2,Moderate Risk
MUST1085,Engineering,3,24,Male,6.8,9.5,5.0,6.1,5.7,1,2.79,5.8,4,1.8,4.4,28,0,1,1,57.7,Moderate Risk
MUST1086,Engineering,1,22,Male,5.3,8.8,4.1,5.9,7.7,0,3.72,9.5,2,2.4,7.5,51,0,0,0,64.7,Healthy
MUST1087,Business,3,26,Male,5.1,7.8,1.0,7.9,7.1,3,2.31,4.9,4,4.8,4.0,14,0,0,0,65.0,Healthy
MUST1088,Business,3,20,Female,7.2,3.9,8.1,5.7,3.9,2,2.63,1.8,5,10.0,4.2,13,0,0,0,54.7,Moderate Risk
MUST1089,Science,5,24,Male,4.8,6.8,6.4,6.0,3.5,11,3.29,4.2,3,1.0,7.7,36,1,0,1,49.0,Moderate Risk
MUST1090,Engineering,4,22,Female,2.1,7.2,6.5,7.5,3.6,0,2.96,6.0,3,6.5,6.3,21,1,0,1,41.3,Moderate Risk
MUST1091,Computer Science,2,24,Female,4.7,4.5,1.9,5.7,1.6,2,3.01,7.0,4,3.3,7.3,5,0,1,0,75.9,Healthy
MUST1092,Business,4,19,Male,5.9,4.1,8.7,7.1,5.1,0,2.32,1.0,4,4.4,3.3,55,0,0,1,52.9,Moderate Risk
MUST1093,Architecture,4,21,Male,9.5,9.8,4.4,7.0,0.0,0,2.86,5.1,5,1.9,7.2,5,1,0,0,73.0,Healthy
MUST1094,Business,3,19,Female,5.5,5.3,4.8,6.7,6.2,0,3.58,2.3,1,7.2,4.5,34,1,1,0,56.4,Moderate Risk
MUST1095,Architecture,4,24,Male,7.5,9.6,3.0,4.9,5.1,18,1.93,3.1,2,4.9,3.8,35,0,0,1,41.1,Moderate Risk
MUST1096,Engineering,1,19,Male,6.2,8.2,1.4,8.2,5.9,4,2.48,6.6,2,7.7,4.9,76,0,0,1,63.8,Healthy
MUST1097,Engineering,3,18,Female,9.0,6.9,8.2,9.6,7.1,3,1.81,6.4,1,5.4,9.0,5,0,0,1,72.3,Healthy
MUST1098,Engineering,1,26,Male,8.8,7.0,8.5,6.5,5.4,1,3.22,2.8,0,1.0,5.2,22,0,0,0,59.5,Moderate Risk
MUST1099,Computer Science,2,18,Female,8.9,2.9,5.1,5.0,8.3,0,3.64,4.1,0,7.7,10.0,13,0,1,0,84.8,Healthy
MUST1100,Computer Science,3,25,Female,3.0,6.5,3.9,6.5,6.2,0,2.79,3.2,5,1.0,1.5,10,0,0,0,51.6,Moderate Risk
MUST1101,Computer Science,2,19,Male,6.9,9.1,4.6,7.9,3.5,0,2.3,10.0,0,1.0,2.6,5,1,0,0,63.3,Healthy
MUST1102,Business,3,25,Male,8.0,7.5,4.7,5.6,4.5,1,2.31,5.2,6,2.7,8.9,20,0,1,1,75.2,Healthy
MUST1103,Engineering,5,20,Male,7.3,6.3,2.7,6.3,0.5,3,2.72,2.4,4,2.7,9.5,16,1,0,0,74.9,Healthy
MUST1104,Engineering,4,23,Male,7.8,9.8,4.8,7.0,3.2,1,2.72,7.8,2,8.5,4.1,5,1,0,0,55.3,Moderate Risk
MUST1105,Science,5,20,Male,6.6,5.6,5.9,8.2,4.2,0,3.45,7.9,4,4.6,6.2,23,1,0,0,74.3,Healthy
MUST1106,Computer Science,2,24,Female,5.0,4.6,7.8,7.6,6.1,0,2.5,9.0,4,8.1,7.6,33,0,0,0,64.9,Healthy
MUST1107,Engineering,4,26,Male,3.1,6.3,5.5,7.6,3.5,0,3.16,9.7,1,3.6,5.5,36,1,1,0,56.2,Moderate Risk
MUST1108,Architecture,3,19,Male,5.2,7.7,1.9,5.9,2.5,1,2.72,6.3,3,5.8,6.3,58,0,1,0,61.4,Moderate Risk
MUST1109,Computer Science,4,22,Female,10.0,2.2,6.3,7.1,1.2,6,2.45,3.6,1,6.2,6.0,13,0,0,1,79.9,Healthy
MUST1110,Computer Science,1,23,Female,5.5,6.6,4.9,5.5,3.8,2,2.7,4.0,4,6.7,2.7,76,0,0,0,49.1,Moderate Risk
MUST1111,Computer Science,4,21,Female,2.6,7.8,8.7,7.7,8.9,4,3.1,3.8,2,3.8,5.2,50,0,0,1,31.9,High Risk
MUST1112,Computer Science,1,21,Male,8.0,5.4,8.8,8.1,5.5,1,3.45,3.5,3,4.1,6.0,8,1,0,0,66.0,Healthy
MUST1113,Science,4,21,Female,8.2,8.4,8.9,7.3,6.9,1,2.75,7.6,3,4.3,6.2,5,1,0,0,60.9,Moderate Risk
MUST1114,Architecture,1,19,Female,9.1,7.4,4.2,6.0,3.2,0,2.18,4.5,3,1.0,2.2,14,0,0,0,70.6,Healthy
MUST1115,Business,2,21,Male,7.4,10.0,10.0,6.2,1.9,5,3.5,6.9,6,4.8,7.7,12,0,1,1,45.9,Moderate Risk
MUST1116,Science,5,18,Male,8.2,4.3,6.3,9.0,2.6,3,2.36,6.2,3,4.0,6.3,21,0,1,0,79.5,Healthy
MUST1117,Architecture,3,23,Female,10.0,7.8,9.2,6.0,4.8,0,3.06,1.8,5,6.5,3.7,21,0,0,0,55.2,Moderate Risk
MUST1118,Computer Science,4,18,Male,5.0,3.8,4.3,8.0,1.0,1,2.89,1.0,4,5.2,10.0,34,1,0,0,70.2,Healthy
MUST1119,Science,5,23,Male,4.6,2.4,4.8,7.0,3.0,1,2.8,1.4,6,8.3,5.2,17,0,0,0,64.3,Healthy
MUST1120,Engineering,3,18,Male,4.3,1.5,6.1,6.0,3.8,2,2.61,3.4,2,5.2,5.4,5,1,1,1,62.8,Healthy
MUST1121,Architecture,3,23,Male,6.0,7.2,5.8,4.6,2.4,7,3.27,4.8,4,3.6,7.4,48,0,1,1,52.6,Moderate Risk
MUST1122,Science,1,25,Female,9.4,6.4,8.4,6.8,0.8,2,0.75,2.9,3,5.1,10.0,9,0,1,0,65.9,Healthy
MUST1123,Engineering,2,19,Female,7.6,4.9,5.0,6.6,5.6,1,3.58,6.3,0,6.8,7.5,88,0,0,0,72.8,Healthy
MUST1124,Computer Science,2,19,Female,7.5,2.1,8.2,9.0,5.1,0,2.35,3.2,1,1.0,7.8,5,0,1,1,81.5,Healthy
MUST1125,Computer Science,5,21,Male,2.9,4.5,7.2,5.3,6.6,0,3.14,5.1,4,3.2,3.8,79,0,0,0,48.6,Moderate Risk
MUST1126,Engineering,2,20,Male,5.1,6.0,5.0,9.7,2.8,0,3.11,4.8,4,3.3,6.2,5,1,0,0,68.3,Healthy
MUST1127,Architecture,4,21,Male,2.8,7.7,7.0,7.0,6.5,0,3.66,8.8,1,6.0,4.8,6,1,0,0,42.7,Moderate Risk
MUST1128,Architecture,2,24,Male,8.8,6.0,4.4,7.0,8.1,3,3.02,2.1,3,6.3,7.5,5,0,0,0,75.0,Healthy
MUST1129,Computer Science,5,18,Male,9.7,6.6,10.0,5.7,5.5,3,2.4,10.0,4,5.3,7.8,30,0,0,0,70.2,Healthy
MUST1130,Engineering,2,23,Female,8.1,5.2,1.0,6.9,3.8,0,1.94,3.0,3,1.0,9.6,47,0,0,1,92.1,Healthy
MUST1131,Engineering,4,20,Male,4.5,9.8,7.0,7.2,5.3,4,2.69,1.1,4,1.0,1.3,14,0,0,0,31.5,High Risk
MUST1132,Computer Science,1,24,Female,9.5,3.8,1.4,7.8,3.7,0,1.73,4.0,4,4.4,4.6,65,0,0,0,94.7,Healthy
MUST1133,Computer Science,5,19,Male,6.0,4.5,5.0,5.1,3.4,0,2.52,10.0,3,3.7,8.9,22,0,0,1,78.3,Healthy
MUST1134,Engineering,1,19,Male,4.1,4.9,5.3,8.5,6.4,0,2.72,6.7,2,5.0,2.9,24,1,0,0,60.5,Moderate Risk
MUST1135,Science,1,21,Male,4.6,7.2,9.0,7.0,4.7,1,2.49,6.0,5,3.8,7.8,46,0,0,0,49.9,Moderate Risk
MUST1136,Engineering,1,18,Female,5.6,3.7,3.9,7.4,7.4,0,2.93,6.5,4,8.8,8.5,8,1,0,0,79.3,Healthy
MUST1137,Engineering,3,20,Female,6.6,6.3,8.5,6.2,4.1,1,2.76,2.6,1,1.0,5.9,10,0,0,0,53.3,Moderate Risk
MUST1138,Business,3,26,Female,6.2,6.4,2.8,5.2,4.3,1,2.7,5.3,3,5.8,2.9,59,1,1,1,61.1,Moderate Risk
MUST1139,Engineering,1,24,Male,3.7,4.5,8.6,6.6,3.9,10,1.45,4.5,1,7.1,5.7,57,0,0,1,35.9,High Risk
MUST1140,Science,5,24,Male,8.9,6.7,4.4,6.8,2.8,0,2.12,9.0,1,6.8,9.2,93,0,0,0,79.2,Healthy
MUST1141,Science,4,21,Female,6.2,3.8,5.7,4.6,6.6,0,3.29,4.2,2,7.0,9.4,58,1,0,1,68.5,Healthy
MUST1142,Computer Science,4,19,Male,5.1,3.5,4.7,7.6,9.4,0,3.38,3.6,3,7.3,6.5,5,0,1,0,70.5,Healthy
MUST1143,Engineering,2,21,Female,8.7,6.2,8.4,7.9,4.2,2,1.8,1.6,4,3.5,3.9,43,0,1,1,60.0,Moderate Risk
MUST1144,Engineering,5,23,Male,4.1,2.3,8.0,5.5,3.6,0,2.41,4.9,2,2.2,9.8,13,1,0,0,65.3,Healthy
MUST1145,Computer Science,3,20,Male,3.2,1.3,6.5,5.1,3.5,4,3.54,5.2,2,1.0,7.8,117,1,0,0,63.6,Healthy
MUST1146,Computer Science,1,18,Male,9.0,7.2,2.9,6.1,3.6,1,2.47,1.5,2,4.1,4.0,15,1,1,0,68.5,Healthy
MUST1147,Business,2,25,Male,10.0,8.3,3.9,6.5,8.3,1,2.83,5.6,5,3.1,6.8,20,0,1,0,82.8,Healthy
MUST1148,Engineering,4,22,Female,5.6,5.0,3.1,6.1,3.6,2,3.77,5.1,0,7.9,6.7,18,0,1,0,64.3,Healthy
MUST1149,Computer Science,3,22,Male,6.4,4.5,1.0,6.4,3.8,0,2.68,7.0,2,4.3,4.6,9,1,1,0,82.0,Healthy
MUST1150,Computer Science,3,21,Male,4.2,8.2,8.4,6.8,2.5,0,2.6,7.5,6,2.4,6.8,5,0,1,1,49.7,Moderate Risk
MUST1151,Science,1,23,Male,6.5,3.5,4.7,4.6,5.6,0,2.81,4.7,4,2.0,8.4,56,0,0,0,79.3,Healthy
MUST1152,Computer Science,4,20,Male,5.5,3.0,4.7,4.7,4.9,2,4.0,1.9,5,10.0,5.3,40,0,0,1,61.1,Moderate Risk
MUST1153,Computer Science,5,26,Female,6.3,7.6,8.9,3.0,2.7,0,3.17,2.4,0,4.9,8.7,5,0,0,0,39.8,Moderate Risk
MUST1154,Engineering,3,22,Female,7.3,6.0,4.4,7.8,3.2,0,2.91,8.9,1,3.0,2.1,37,0,1,0,72.5,Healthy
MUST1155,Science,1,20,Female,4.3,8.3,3.6,6.5,8.1,8,2.59,4.9,4,5.3,10.0,24,0,0,1,55.2,Moderate Risk
MUST1156,Computer Science,5,18,Female,5.8,1.3,5.0,8.0,5.1,0,3.22,8.9,6,9.7,6.1,13,0,1,0,86.5,Healthy
MUST1157,Business,4,23,Male,2.9,2.9,2.9,4.9,5.2,4,3.3,5.7,1,4.0,8.4,7,0,0,1,66.4,Healthy
MUST1158,Architecture,3,19,Female,5.8,6.0,6.3,6.5,5.2,3,2.26,6.4,2,6.7,6.5,49,0,0,1,56.9,Moderate Risk
MUST1159,Computer Science,5,20,Male,6.3,6.9,4.6,6.8,7.8,0,3.31,6.8,4,8.0,4.2,30,0,1,0,63.7,Healthy
MUST1160,Business,5,18,Male,7.0,7.9,4.3,5.7,2.9,0,2.81,1.4,0,1.0,5.9,19,1,0,0,57.4,Moderate Risk
MUST1161,Engineering,5,26,Female,7.0,6.4,4.1,4.3,4.2,0,2.91,5.3,4,3.4,1.8,23,0,0,0,62.7,Healthy
MUST1162,Business,3,25,Male,8.3,6.4,5.3,8.9,4.7,2,2.37,1.4,0,7.7,7.5,5,0,0,0,65.4,Healthy
MUST1163,Business,3,19,Female,3.4,5.1,5.7,8.5,1.6,2,2.66,3.8,4,3.3,6.4,16,1,0,0,56.7,Moderate Risk
MUST1164,Engineering,2,25,Male,3.5,9.5,4.3,6.0,3.2,3,2.28,6.1,1,6.0,5.6,5,0,0,1,37.8,High Risk
MUST1165,Computer Science,4,26,Female,7.6,3.6,4.7,7.2,7.1,6,2.25,1.9,2,3.1,7.7,5,0,0,0,77.1,Healthy
MUST1166,Architecture,1,18,Female,2.4,6.8,5.3,5.8,6.5,2,3.13,5.9,4,3.9,6.1,27,0,0,0,47.7,Moderate Risk
MUST1167,Engineering,5,22,Female,6.9,3.8,5.1,5.1,6.9,0,2.69,1.0,4,3.6,7.3,60,1,1,0,71.9,Healthy
MUST1168,Computer Science,2,25,Female,4.1,7.2,5.6,9.1,3.8,0,2.12,7.4,3,6.6,8.1,12,1,1,1,58.8,Moderate Risk
MUST1169,Computer Science,1,19,Female,9.6,3.7,3.9,4.2,4.1,4,4.0,2.8,5,5.5,4.8,5,1,0,0,80.9,Healthy
MUST1170,Business,2,21,Male,7.0,7.6,7.8,6.1,1.4,0,2.23,1.9,0,5.2,4.2,26,1,1,0,42.2,Moderate Risk
MUST1171,Business,3,24,Male,6.1,6.2,5.7,6.6,6.9,0,3.56,1.0,3,10.0,2.2,51,0,0,0,47.4,Moderate Risk
MUST1172,Computer Science,5,20,Male,9.0,9.8,4.3,8.8,7.2,3,2.01,3.1,2,9.3,6.3,34,0,0,1,60.2,Moderate Risk
MUST1173,Engineering,1,22,Female,4.4,5.4,6.3,7.8,7.2,1,3.17,1.0,5,1.0,7.0,50,0,0,1,60.7,Moderate Risk
MUST1174,Computer Science,1,25,Male,4.8,6.9,5.3,4.2,8.2,6,2.75,3.1,4,3.9,3.1,19,0,1,0,44.5,Moderate Risk
MUST1175,Business,1,20,Female,4.0,4.3,1.5,6.5,5.8,2,2.52,7.2,4,10.0,9.1,34,0,1,1,73.3,Healthy
MUST1176,Computer Science,1,21,Male,4.8,5.4,6.3,6.5,8.1,0,3.02,4.0,6,3.6,4.2,5,0,0,0,60.5,Moderate Risk
MUST1177,Business,1,26,Male,6.6,6.2,3.2,6.2,4.6,7,2.94,1.6,5,10.0,1.4,10,0,0,1,51.7,Moderate Risk
MUST1178,Engineering,2,24,Female,7.5,2.6,7.6,7.4,1.5,0,2.41,5.1,3,3.9,9.3,12,1,0,0,80.5,Healthy
MUST1179,Science,5,18,Male,8.4,2.9,4.9,4.5,6.7,1,2.39,4.8,3,4.4,1.7,17,0,0,0,76.1,Healthy
MUST1180,Computer Science,3,21,Male,2.9,7.3,7.3,5.9,1.4,1,1.96,9.4,4,7.2,8.1,66,0,0,0,43.5,Moderate Risk
MUST1181,Engineering,3,21,Male,6.2,5.7,4.1,7.2,5.3,0,3.08,6.5,3,4.8,7.6,51,0,0,0,74.2,Healthy
MUST1182,Computer Science,3,26,Female,4.3,4.7,5.7,7.5,6.9,1,2.15,5.3,4,6.2,6.7,5,0,1,1,62.9,Healthy
MUST1183,Science,3,23,Female,6.1,4.4,8.3,6.7,5.6,0,2.9,6.8,0,8.9,4.8,5,0,0,0,55.9,Moderate Risk
MUST1184,Science,2,26,Male,10.0,4.5,4.9,6.1,9.6,1,3.26,4.2,6,6.9,7.1,11,0,1,1,88.5,Healthy
MUST1185,Computer Science,4,23,Male,7.1,6.2,4.1,6.3,1.1,1,3.02,4.3,3,5.4,8.3,8,0,1,0,69.8,Healthy
MUST1186,Business,5,23,Male,8.3,7.0,7.0,7.5,4.8,3,2.47,8.6,0,9.2,3.8,23,1,0,0,58.7,Moderate Risk
MUST1187,Architecture,1,22,Female,10.0,1.4,7.0,6.5,5.0,4,3.45,1.0,1,7.2,8.1,58,1,1,0,81.3,Healthy
MUST1188,Business,4,22,Female,8.8,9.1,4.2,5.0,2.3,0,2.66,6.9,0,3.2,8.0,81,0,1,0,66.4,Healthy
MUST1189,Engineering,3,19,Male,5.6,9.0,1.0,4.8,2.7,1,2.1,4.2,1,10.0,6.6,26,0,0,1,50.5,Moderate Risk
MUST1190,Computer Science,4,25,Male,3.9,1.0,4.1,4.4,3.3,1,2.73,3.8,3,6.6,4.8,45,0,0,0,64.7,Healthy
MUST1191,Computer Science,5,25,Male,6.4,8.4,7.1,8.5,2.8,0,3.25,3.1,6,4.5,8.1,18,1,1,0,58.5,Moderate Risk
MUST1192,Science,1,18,Female,5.4,8.3,3.7,7.6,4.8,4,2.5,4.9,4,1.0,7.1,5,0,0,0,63.2,Healthy
MUST1193,Science,1,25,Female,3.5,6.0,5.5,6.4,3.8,3,3.43,4.4,3,1.6,3.8,18,0,0,0,49.9,Moderate Risk
MUST1194,Business,5,22,Male,7.0,3.1,4.0,5.9,5.6,0,2.44,3.5,1,9.3,5.2,20,1,0,1,70.6,Healthy
MUST1195,Engineering,5,19,Male,7.0,8.2,1.1,5.7,6.3,1,2.52,2.7,2,9.3,7.8,33,0,1,0,63.7,Healthy
MUST1196,Engineering,3,19,Male,10.0,5.5,3.9,8.0,6.2,0,2.27,1.0,2,5.2,6.3,6,0,1,1,82.3,Healthy
MUST1197,Business,1,23,Female,5.8,7.2,7.0,9.2,4.2,2,3.31,2.7,2,1.0,8.4,11,0,1,0,60.5,Moderate Risk
MUST1198,Science,4,26,Male,7.1,10.0,1.0,5.7,5.6,0,2.87,3.2,2,2.3,5.2,11,0,0,0,63.4,Healthy
MUST1199,Science,2,18,Female,5.2,6.6,6.1,8.1,7.1,10,2.31,4.9,3,1.0,3.8,80,0,0,1,52.5,Moderate Risk
MUST1200,Architecture,2,23,Female,8.2,4.0,2.8,6.5,5.9,3,2.66,9.4,2,1.0,10.0,14,0,0,0,99.4,Healthy
MUST1201,Business,5,26,Male,6.3,5.3,6.9,6.2,8.7,1,1.06,3.0,2,10.0,2.3,35,1,1,0,47.6,Moderate Risk
MUST1202,Computer Science,3,25,Male,4.2,4.3,7.1,8.6,7.0,2,3.37,1.9,3,10.0,4.9,34,0,0,0,49.5,Moderate Risk
MUST1203,Computer Science,2,23,Male,6.5,7.0,5.1,6.5,8.4,6,2.8,2.7,2,2.2,6.6,7,0,0,0,59.9,Moderate Risk
MUST1204,Science,1,20,Female,7.3,4.2,5.1,6.9,0.0,2,1.46,4.9,0,5.0,8.2,21,0,0,1,71.2,Healthy
MUST1205,Business,5,25,Female,7.0,5.0,3.6,6.8,5.2,0,2.03,6.0,3,1.8,7.4,56,1,0,0,81.8,Healthy
MUST1206,Computer Science,4,26,Female,8.6,3.2,2.4,4.2,4.4,1,2.65,6.3,3,5.0,10.0,16,0,1,1,94.2,Healthy
MUST1207,Computer Science,5,18,Female,3.6,5.7,9.4,6.9,4.8,4,2.11,6.6,0,9.1,5.7,72,0,1,0,34.3,High Risk
MUST1208,Business,4,26,Male,4.8,6.4,3.5,5.7,3.4,2,3.38,6.9,2,7.7,4.1,6,0,1,0,55.4,Moderate Risk
MUST1209,Computer Science,5,23,Female,7.8,1.0,9.1,4.5,5.8,2,3.15,3.8,4,7.0,5.5,5,1,0,0,70.4,Healthy
MUST1210,Computer Science,5,23,Female,5.0,6.6,3.5,5.8,1.4,5,3.12,9.6,1,4.5,5.3,55,0,1,0,59.2,Moderate Risk
MUST1211,Engineering,5,21,Male,7.0,5.9,6.7,5.8,5.8,5,1.34,3.6,1,8.2,5.8,47,0,1,1,50.9,Moderate Risk
MUST1212,Business,4,18,Female,1.7,4.3,2.9,7.9,3.5,6,2.58,4.8,2,6.6,3.8,120,0,0,0,47.9,Moderate Risk
MUST1213,Business,4,25,Female,10.0,10.0,6.7,5.0,4.0,0,2.48,7.7,4,6.0,7.7,28,1,1,0,65.0,Healthy
MUST1214,Computer Science,5,19,Female,6.0,8.1,4.8,5.4,5.9,1,2.33,5.9,6,4.7,6.8,68,0,0,1,60.1,Moderate Risk
MUST1215,Business,2,18,Female,8.9,3.6,4.8,6.8,5.2,3,2.65,1.0,4,5.8,3.2,43,0,1,1,74.0,Healthy
MUST1216,Computer Science,3,19,Female,5.8,7.8,6.9,4.6,7.1,3,2.22,4.5,5,5.7,8.1,46,1,1,0,50.5,Moderate Risk
MUST1217,Engineering,3,18,Female,7.3,8.7,4.4,5.6,3.1,2,3.03,6.7,4,3.6,4.2,21,1,1,1,60.6,Moderate Risk
MUST1218,Business,3,18,Male,9.5,6.3,2.2,4.2,4.8,0,3.36,1.1,2,3.1,3.4,12,0,0,0,73.9,Healthy
MUST1219,Business,4,26,Male,8.8,6.8,7.3,7.8,6.8,3,3.31,6.4,4,2.5,6.2,68,1,0,0,73.3,Healthy
MUST1220,Architecture,4,18,Female,6.1,6.7,2.9,6.1,5.7,3,2.82,5.5,3,2.7,2.1,14,0,0,0,63.5,Healthy
MUST1221,Business,2,21,Male,6.2,1.4,6.7,6.5,5.9,0,4.0,7.5,4,4.5,7.3,19,0,0,0,84.4,Healthy
MUST1222,Business,3,23,Male,8.5,5.6,7.7,7.8,7.2,1,3.58,2.8,1,4.1,1.0,14,1,1,0,60.9,Moderate Risk
MUST1223,Computer Science,3,24,Male,10.0,5.5,4.6,5.5,4.2,0,2.84,7.0,4,3.4,3.7,20,0,1,0,83.8,Healthy
MUST1224,Engineering,5,19,Male,6.9,9.1,8.2,6.1,3.8,1,2.61,4.9,3,3.3,9.5,15,0,1,0,53.0,Moderate Risk
MUST1225,Computer Science,4,23,Female,10.0,6.7,6.6,5.0,6.2,0,3.7,8.9,3,5.7,4.5,5,0,0,1,75.5,Healthy
MUST1226,Computer Science,3,24,Female,6.0,5.3,3.9,5.0,4.7,1,3.5,10.0,3,8.4,4.9,53,0,1,1,68.1,Healthy
MUST1227,Science,2,19,Male,8.4,5.8,8.7,5.2,7.2,1,2.05,8.3,3,5.0,8.8,14,0,1,1,70.9,Healthy
MUST1228,Engineering,2,19,Male,8.7,8.3,2.9,5.8,5.7,2,3.55,5.7,4,4.8,4.3,22,1,1,0,71.5,Healthy
MUST1229,Science,3,24,Male,5.7,5.6,4.6,6.0,3.8,2,2.81,10.0,2,2.7,7.7,5,1,0,0,73.6,Healthy
MUST1230,Business,4,18,Female,5.0,4.5,5.0,6.9,5.7,4,2.38,6.0,0,4.4,8.6,5,0,0,0,66.1,Healthy
MUST1231,Architecture,2,25,Female,8.8,5.4,6.9,5.3,3.2,0,1.71,2.2,0,8.0,7.1,7,0,0,0,60.7,Moderate Risk
MUST1232,Engineering,5,20,Male,5.4,8.1,8.1,6.9,6.9,0,2.74,4.4,3,7.6,2.8,30,1,0,0,39.7,Moderate Risk
MUST1233,Business,2,23,Female,4.7,7.1,7.9,7.2,2.2,4,2.89,6.4,2,7.4,4.7,5,0,0,0,41.2,Moderate Risk
MUST1234,Engineering,1,26,Female,5.1,6.1,6.0,5.8,7.4,0,3.85,6.6,0,7.3,10.0,59,0,1,1,59.9,Moderate Risk
MUST1235,Computer Science,1,23,Female,5.4,6.4,4.9,5.4,5.6,9,3.47,1.7,3,6.1,4.9,6,0,0,0,46.5,Moderate Risk
MUST1236,Business,4,26,Female,8.2,4.8,1.3,6.6,4.7,4,2.55,1.8,3,6.0,10.0,5,0,0,0,85.2,Healthy
MUST1237,Computer Science,3,24,Male,7.5,5.6,2.5,6.2,6.5,1,3.13,3.6,2,5.6,9.8,5,0,0,0,80.5,Healthy
MUST1238,Computer Science,4,26,Female,7.9,4.5,9.6,6.8,6.0,9,3.4,5.8,3,4.0,7.1,5,0,1,0,63.8,Healthy
MUST1239,Business,4,19,Male,7.3,5.4,1.3,8.7,7.7,0,2.95,6.2,5,5.2,6.7,36,0,1,0,91.4,Healthy
MUST1240,Computer Science,4,25,Female,5.3,9.0,3.7,6.6,7.6,0,2.55,4.9,5,5.5,5.0,51,0,1,0,55.6,Moderate Risk
MUST1241,Science,4,25,Female,7.9,3.6,8.1,5.6,5.7,2,2.58,2.4,3,6.6,5.8,23,0,0,0,63.6,Healthy
MUST1242,Science,5,19,Female,8.9,4.5,6.0,5.3,3.3,1,3.13,8.8,3,5.3,4.5,5,1,0,0,78.4,Healthy
MUST1243,Science,5,21,Female,7.7,3.2,7.6,5.3,3.9,6,3.15,1.8,3,10.0,5.9,8,1,1,0,57.8,Moderate Risk
MUST1244,Engineering,2,24,Male,7.4,2.8,6.7,4.5,4.9,0,2.72,7.8,4,2.0,3.0,16,0,0,1,76.8,Healthy
MUST1245,Computer Science,1,21,Female,5.0,5.6,8.9,7.8,7.2,1,1.33,6.3,3,6.9,2.9,77,0,0,1,47.1,Moderate Risk
MUST1246,Science,4,21,Female,6.9,4.6,6.2,3.4,4.1,2,2.13,7.7,3,4.9,8.9,7,1,0,0,70.0,Healthy
MUST1247,Engineering,2,23,Female,4.9,9.9,7.0,7.2,4.3,2,3.27,3.4,0,5.0,2.5,32,0,0,0,30.3,High Risk
MUST1248,Science,1,23,Male,6.5,5.4,3.8,5.3,8.7,0,1.62,4.1,3,3.0,7.9,14,1,1,1,74.0,Healthy
MUST1249,Science,3,20,Male,3.2,8.8,6.8,5.8,4.8,1,3.61,4.6,4,7.5,1.8,8,0,0,0,29.1,High Risk
MUST1250,Architecture,5,26,Male,3.2,8.1,4.6,5.2,3.7,4,3.52,3.3,2,6.6,7.4,15,1,0,0,38.5,Moderate Risk
MUST1251,Computer Science,1,19,Female,6.1,5.5,4.5,8.5,6.6,0,2.92,5.1,3,7.1,5.5,5,0,0,0,69.7,Healthy
MUST1252,Engineering,3,23,Female,5.4,10.0,7.6,6.5,4.9,4,3.26,8.4,1,5.4,8.9,40,0,0,0,44.3,Moderate Risk
MUST1253,Architecture,1,24,Male,6.7,6.6,7.6,7.6,2.2,2,3.22,1.3,1,4.2,5.3,6,0,0,1,50.3,Moderate Risk
MUST1254,Engineering,5,26,Male,6.2,9.3,9.4,8.3,7.1,3,2.83,2.9,3,4.8,1.6,32,0,1,1,34.9,High Risk
MUST1255,Computer Science,5,20,Female,6.6,9.1,9.2,6.7,3.5,3,2.08,2.6,2,6.1,5.6,5,0,0,0,35.8,High Risk
MUST1256,Business,2,20,Female,7.7,6.9,7.6,4.8,5.1,0,3.48,4.3,0,1.0,6.4,77,0,0,0,58.3,Moderate Risk
MUST1257,Science,4,24,Female,5.6,7.7,1.5,6.2,4.9,2,3.74,4.2,1,7.2,5.7,5,1,0,0,59.6,Moderate Risk
MUST1258,Business,1,21,Female,6.1,7.4,9.7,5.5,5.5,5,2.17,6.4,1,10.0,7.3,53,0,0,0,37.6,High Risk
MUST1259,Business,1,25,Male,9.4,3.5,7.6,5.8,0.6,1,2.05,4.6,4,6.2,4.8,41,0,0,1,72.4,Healthy
MUST1260,Computer Science,3,24,Male,6.5,6.1,3.7,6.4,4.3,8,2.82,5.3,3,4.3,3.2,85,0,0,0,59.8,Moderate Risk
MUST1261,Business,5,22,Female,6.1,8.4,7.2,6.3,7.2,1,2.52,5.5,1,4.6,3.8,16,0,1,0,46.4,Moderate Risk
MUST1262,Science,1,24,Female,6.7,9.4,3.1,7.1,7.5,0,2.99,5.1,2,6.8,4.9,32,0,1,1,58.7,Moderate Risk
MUST1263,Computer Science,5,20,Female,6.2,4.4,6.9,7.3,3.0,1,3.62,6.3,5,4.4,4.8,11,0,0,1,68.6,Healthy
MUST1264,Engineering,1,19,Female,5.1,7.2,2.5,6.3,6.8,7,1.55,4.2,5,7.2,10.0,5,0,0,1,62.7,Healthy
MUST1265,Science,2,23,Female,4.5,6.3,3.6,7.1,3.5,0,3.85,8.6,1,4.6,8.8,14,0,1,0,69.2,Healthy
MUST1266,Business,4,19,Male,5.0,5.7,7.1,5.7,4.3,5,2.66,10.0,5,9.3,7.5,5,0,1,0,57.0,Moderate Risk
MUST1267,Business,1,20,Male,8.2,6.8,8.0,8.3,4.4,5,3.21,6.3,3,9.2,7.0,100,0,0,0,59.5,Moderate Risk
MUST1268,Business,5,23,Male,5.2,6.5,6.2,5.7,5.2,1,3.27,5.1,4,4.2,6.7,5,0,1,0,57.6,Moderate Risk
MUST1269,Engineering,2,22,Male,6.2,7.2,4.8,8.2,7.0,0,3.34,6.1,3,4.8,6.7,22,0,1,1,68.6,Healthy
MUST1270,Computer Science,1,25,Female,7.9,9.2,1.0,4.4,5.5,3,2.94,1.7,5,4.9,6.4,24,1,1,0,65.0,Healthy
MUST1271,Architecture,3,26,Female,5.9,7.7,5.0,6.0,4.7,0,3.08,5.0,1,5.0,6.1,19,0,0,1,55.3,Moderate Risk
MUST1272,Architecture,4,20,Male,7.8,6.7,6.7,6.0,6.9,3,3.07,2.7,3,2.6,1.4,27,0,0,0,55.8,Moderate Risk
MUST1273,Architecture,1,20,Male,3.4,10.0,4.8,6.9,3.4,1,2.52,5.8,5,2.3,5.2,5,0,0,1,44.5,Moderate Risk
MUST1274,Science,2,20,Female,6.2,8.4,5.4,7.7,4.8,1,1.85,2.7,0,8.1,5.5,20,0,1,0,46.3,Moderate Risk
MUST1275,Engineering,3,23,Male,6.7,5.8,5.1,4.8,7.0,3,2.17,3.6,3,7.7,4.4,8,0,0,1,56.5,Moderate Risk
MUST1276,Engineering,2,18,Female,6.5,3.3,4.8,4.9,6.1,1,2.84,1.0,2,7.7,4.8,70,0,0,0,61.6,Moderate Risk
MUST1277,Architecture,2,24,Female,3.2,3.8,5.7,4.5,4.1,1,2.43,1.6,4,4.8,6.7,35,1,1,0,50.8,Moderate Risk
MUST1278,Business,3,18,Female,8.9,8.1,4.9,8.3,2.0,1,2.43,5.4,5,9.7,7.7,89,1,1,1,68.9,Healthy
MUST1279,Business,2,22,Male,4.8,4.6,8.8,6.9,5.6,1,3.98,2.3,4,4.9,6.7,5,1,1,0,53.5,Moderate Risk
MUST1280,Architecture,3,25,Male,7.2,3.8,1.0,5.0,1.8,1,3.42,7.2,3,7.2,7.6,8,0,1,0,86.5,Healthy
MUST1281,Science,1,21,Female,6.5,4.3,4.2,5.9,4.6,4,2.75,2.1,3,1.5,7.7,5,0,1,1,72.6,Healthy
MUST1282,Engineering,3,22,Female,8.5,4.5,3.5,8.2,7.4,1,3.3,5.6,2,4.4,5.3,5,0,0,0,87.5,Healthy
MUST1283,Engineering,3,21,Male,10.0,7.9,6.0,6.1,6.2,1,2.65,2.6,3,4.6,7.2,6,1,1,0,69.7,Healthy
MUST1284,Computer Science,4,21,Female,3.9,5.7,5.7,6.0,1.0,2,2.97,5.5,6,4.8,2.2,28,0,1,0,49.2,Moderate Risk
MUST1285,Business,3,25,Male,5.2,3.0,9.2,5.4,5.4,0,3.16,1.0,2,1.7,5.2,6,0,0,1,54.4,Moderate Risk
MUST1286,Computer Science,3,19,Female,6.9,6.1,10.0,5.1,4.4,0,2.65,3.4,2,6.8,4.9,17,0,0,0,44.6,Moderate Risk
MUST1287,Engineering,1,18,Male,4.3,6.5,3.7,8.2,2.5,6,2.49,2.4,3,7.6,9.4,54,0,1,0,54.3,Moderate Risk
MUST1288,Engineering,4,20,Female,8.1,4.9,5.5,8.8,5.7,3,3.63,6.7,5,3.1,6.7,29,1,0,0,85.4,Healthy
MUST1289,Computer Science,5,26,Male,8.2,8.5,6.0,5.1,4.0,2,3.27,5.7,3,2.1,3.1,12,0,1,0,58.2,Moderate Risk
MUST1290,Business,1,21,Male,7.6,5.1,3.7,8.5,4.0,2,1.55,1.4,5,3.1,7.3,11,0,0,0,79.3,Healthy
MUST1291,Computer Science,1,22,Male,7.0,8.4,6.9,5.8,5.2,0,2.5,4.0,5,6.2,8.0,15,0,0,0,56.0,Moderate Risk
MUST1292,Computer Science,5,19,Male,9.2,7.3,4.9,7.2,3.7,2,2.43,2.6,4,3.5,5.8,5,1,0,0,71.5,Healthy
MUST1293,Architecture,3,21,Female,4.2,8.0,3.0,8.5,5.2,1,2.53,6.9,1,4.7,7.5,25,0,0,0,61.0,Moderate Risk
MUST1294,Engineering,2,19,Female,6.6,3.6,4.9,6.3,3.8,1,3.42,7.7,6,2.3,1.0,11,1,1,0,77.0,Healthy
MUST1295,Computer Science,4,19,Male,5.0,6.2,3.2,6.0,3.9,1,2.91,1.0,6,9.9,1.0,47,0,0,0,47.6,Moderate Risk
MUST1296,Engineering,2,21,Male,8.3,5.9,7.9,7.6,7.0,0,2.07,6.6,3,5.2,3.4,35,1,0,0,66.8,Healthy
MUST1297,Architecture,5,23,Female,2.8,2.9,9.9,4.9,7.2,0,2.67,2.4,1,7.9,6.3,23,1,0,0,38.3,Moderate Risk
MUST1298,Computer Science,1,24,Female,6.4,8.4,6.1,8.1,1.6,7,3.23,3.9,0,6.2,9.4,11,0,0,0,50.2,Moderate Risk
MUST1299,Business,1,20,Female,7.2,4.2,5.8,6.7,6.5,1,2.77,4.6,3,4.9,3.5,5,0,0,0,70.1,Healthy
MUST1300,Computer Science,4,20,Male,4.6,4.7,5.9,5.7,7.8,1,2.51,9.0,2,4.8,4.1,37,0,1,0,61.5,Moderate Risk
MUST1301,Computer Science,1,23,Male,5.2,3.8,8.2,5.7,8.1,0,3.1,2.0,0,3.2,6.2,16,0,0,1,55.2,Moderate Risk
MUST1302,Engineering,1,20,Female,6.5,7.5,8.2,4.6,6.0,0,3.87,6.6,0,3.9,4.9,6,1,0,0,49.4,Moderate Risk
MUST1303,Engineering,4,19,Male,8.4,2.6,5.2,5.7,2.9,3,3.18,1.6,2,2.5,4.8,5,0,0,0,76.6,Healthy
MUST1304,Business,4,25,Female,4.4,7.4,6.1,6.1,6.3,1,3.68,1.4,3,2.2,5.1,5,0,0,0,46.7,Moderate Risk
MUST1305,Business,5,22,Male,4.8,8.3,7.0,5.0,3.3,1,2.55,4.6,6,10.0,8.9,37,0,0,0,42.7,Moderate Risk
MUST1306,Science,1,18,Female,8.8,7.2,2.9,6.4,4.3,0,2.89,4.6,4,5.7,8.5,6,0,0,1,80.5,Healthy
MUST1307,Engineering,1,20,Male,6.0,7.6,8.3,7.2,5.8,3,2.88,1.0,2,8.7,6.1,18,1,1,0,39.2,Moderate Risk
MUST1308,Engineering,5,25,Female,4.9,7.7,9.5,6.2,3.4,0,2.97,7.4,4,3.0,9.6,15,0,1,0,51.8,Moderate Risk
MUST1309,Architecture,3,21,Male,8.0,3.9,8.2,7.4,2.7,0,3.16,1.0,4,1.9,7.1,21,1,1,0,71.8,Healthy
MUST1310,Computer Science,3,24,Female,5.5,9.2,2.6,5.4,5.9,1,2.35,4.1,4,2.6,8.5,52,1,0,0,60.6,Moderate Risk
MUST1311,Engineering,3,19,Male,8.6,5.0,1.0,7.9,8.7,0,3.29,7.8,3,3.9,4.1,50,0,0,0,95.7,Healthy
MUST1312,Computer Science,5,24,Female,5.2,5.9,7.1,6.7,7.5,0,1.92,10.0,5,5.1,4.6,14,0,0,0,63.7,Healthy
MUST1313,Computer Science,1,22,Female,6.2,5.3,3.8,8.7,6.4,2,2.1,3.6,4,4.6,4.5,5,1,1,1,71.2,Healthy
MUST1314,Science,5,22,Female,8.4,7.1,6.2,9.9,7.0,2,4.0,1.0,3,3.1,5.8,13,0,1,0,69.8,Healthy
MUST1315,Architecture,5,23,Female,6.0,4.8,9.0,5.8,6.3,4,2.59,7.7,3,5.2,6.1,23,0,0,0,57.6,Moderate Risk
MUST1316,Business,3,26,Female,8.0,6.1,4.0,5.9,5.9,1,3.34,6.7,5,5.4,6.7,20,0,0,0,79.1,Healthy
MUST1317,Engineering,2,23,Female,6.4,3.3,4.6,6.2,6.8,0,3.92,3.3,2,6.8,10.0,26,0,1,0,77.7,Healthy
MUST1318,Computer Science,1,25,Male,10.0,8.6,6.1,7.3,2.3,0,1.51,3.0,0,8.7,7.6,5,1,1,0,60.8,Moderate Risk
MUST1319,Computer Science,3,24,Female,9.6,7.5,2.5,8.4,5.4,9,3.58,2.7,0,4.1,4.9,25,0,1,0,71.8,Healthy
MUST1320,Computer Science,2,26,Male,3.8,5.4,3.8,5.6,4.8,2,3.29,3.6,2,8.0,6.0,5,0,1,0,52.1,Moderate Risk
MUST1321,Engineering,2,21,Male,7.5,5.0,5.6,7.0,5.2,3,3.88,5.3,4,5.2,9.3,34,1,1,0,77.5,Healthy
MUST1322,Business,4,19,Male,4.9,7.4,4.8,6.3,4.1,0,2.19,3.1,2,1.2,7.7,10,1,0,1,57.1,Moderate Risk
MUST1323,Business,1,24,Male,6.9,4.4,6.9,7.4,6.0,1,3.77,3.4,3,9.5,9.3,30,0,1,0,67.9,Healthy
MUST1324,Computer Science,2,23,Female,6.6,6.3,10.0,8.6,3.4,0,2.46,6.1,2,10.0,4.9,5,1,1,1,48.6,Moderate Risk
MUST1325,Science,3,18,Female,4.4,8.6,5.7,6.2,3.9,2,3.53,1.0,2,6.5,4.4,13,0,1,0,34.7,High Risk
MUST1326,Business,4,26,Female,8.6,4.2,3.6,4.2,3.7,6,2.88,3.6,1,5.2,4.5,30,1,0,0,70.0,Healthy
MUST1327,Business,1,26,Male,6.9,6.8,8.8,7.5,6.7,8,3.36,1.0,3,4.3,5.1,6,0,0,1,46.5,Moderate Risk
MUST1328,Business,5,19,Male,5.9,6.7,1.8,5.3,5.0,1,2.93,4.8,3,3.8,3.7,39,0,0,0,65.1,Healthy
MUST1329,Engineering,3,20,Male,5.6,5.8,2.3,6.3,4.1,1,1.8,1.0,4,8.0,6.6,24,1,0,1,61.8,Moderate Risk
MUST1330,Computer Science,2,22,Male,6.8,4.9,4.1,7.6,4.3,7,1.03,6.7,4,5.0,6.7,22,0,1,1,73.7,Healthy
MUST1331,Engineering,2,22,Male,7.3,8.7,4.8,6.9,5.0,2,3.03,1.2,3,9.2,8.9,10,1,0,0,55.0,Moderate Risk
MUST1332,Architecture,3,18,Male,6.3,4.7,4.1,6.4,8.2,0,2.74,1.0,0,5.1,2.1,16,0,0,0,59.9,Moderate Risk
MUST1333,Computer Science,2,25,Male,1.0,2.0,5.4,5.7,2.5,1,3.14,3.6,5,4.0,3.9,22,1,1,0,51.5,Moderate Risk
MUST1334,Computer Science,4,25,Female,6.5,7.4,6.1,3.0,6.4,0,2.75,8.8,3,3.5,7.8,15,1,0,1,62.6,Healthy
MUST1335,Computer Science,1,21,Female,3.6,3.4,8.0,7.5,5.9,1,4.0,6.3,3,3.1,6.4,29,0,0,1,61.6,Moderate Risk
MUST1336,Computer Science,4,24,Female,6.1,7.5,5.7,6.1,3.2,1,3.04,1.0,6,6.3,6.1,14,1,0,0,52.0,Moderate Risk
MUST1337,Architecture,2,20,Female,3.7,8.9,4.2,8.6,7.9,2,2.63,1.1,5,1.8,8.8,5,0,0,0,54.8,Moderate Risk
MUST1338,Business,5,23,Female,3.7,7.4,7.8,7.1,6.1,1,3.1,3.5,4,3.0,3.8,6,1,0,0,41.7,Moderate Risk
MUST1339,Engineering,1,26,Male,9.0,8.4,3.6,5.7,4.0,0,2.64,10.0,3,8.3,4.4,5,0,1,0,71.9,Healthy
MUST1340,Computer Science,1,18,Female,5.9,10.0,1.7,8.0,1.3,1,2.96,2.2,3,2.6,4.1,8,1,0,0,55.6,Moderate Risk
MUST1341,Engineering,3,22,Female,5.7,8.1,8.3,8.1,5.5,4,2.17,2.2,3,7.2,1.6,34,0,1,0,34.2,High Risk
MUST1342,Engineering,3,21,Male,7.5,6.7,8.1,6.2,4.9,2,2.89,8.3,4,1.0,6.3,39,0,0,0,67.5,Healthy
MUST1343,Computer Science,5,25,Male,5.8,9.6,3.7,8.2,2.9,1,2.61,5.0,6,8.6,4.8,5,0,0,0,53.7,Moderate Risk
MUST1344,Engineering,1,18,Female,10.0,9.9,4.6,5.7,2.9,6,2.23,7.1,7,1.8,4.4,79,0,0,1,68.7,Healthy
MUST1345,Engineering,5,26,Male,6.0,9.9,3.4,6.7,6.7,6,4.0,2.7,4,2.8,4.0,17,1,0,1,50.7,Moderate Risk
MUST1346,Business,3,23,Female,7.2,4.9,6.3,7.3,1.1,0,2.25,4.2,0,6.7,6.0,62,0,0,1,61.8,Moderate Risk
MUST1347,Business,3,21,Female,8.4,3.0,9.5,7.6,5.6,0,2.9,7.8,1,5.7,4.2,30,0,0,1,72.9,Healthy
MUST1348,Computer Science,1,26,Male,9.7,4.8,7.1,7.4,4.6,3,2.42,4.1,6,7.2,6.5,32,0,0,0,77.0,Healthy
MUST1349,Engineering,4,22,Male,5.0,7.5,7.9,6.0,6.0,4,3.08,7.3,4,1.8,7.0,5,0,0,0,53.3,Moderate Risk
MUST1350,Business,2,22,Male,5.7,6.4,7.4,8.0,4.4,8,2.14,5.5,4,4.3,5.4,6,0,0,0,53.3,Moderate Risk
MUST1351,Engineering,3,22,Male,9.0,5.5,5.5,6.3,5.6,5,3.4,1.9,3,3.5,5.2,5,1,0,1,70.4,Healthy
MUST1352,Architecture,3,18,Male,8.1,7.2,8.0,5.7,3.5,2,4.0,4.5,1,2.2,6.4,31,1,1,1,58.4,Moderate Risk
MUST1353,Business,4,18,Female,8.7,2.8,7.2,5.7,4.9,1,2.4,7.0,6,6.5,5.9,10,0,1,1,82.4,Healthy
MUST1354,Computer Science,4,25,Male,3.8,6.3,8.8,9.2,6.0,0,3.63,6.2,2,7.4,8.9,38,0,0,1,51.3,Moderate Risk
MUST1355,Computer Science,5,25,Male,9.6,8.5,4.4,5.5,5.3,0,2.67,4.4,4,4.2,6.7,10,0,0,0,72.8,Healthy
MUST1356,Business,5,23,Male,5.0,7.2,1.5,8.3,5.8,1,3.8,1.0,1,8.8,8.4,42,0,1,0,60.7,Moderate Risk
MUST1357,Computer Science,2,21,Female,6.9,7.5,7.9,4.9,3.1,2,4.0,1.0,3,3.0,7.3,5,0,0,0,49.2,Moderate Risk
MUST1358,Business,2,19,Male,6.2,9.5,6.3,7.2,3.8,2,2.76,1.0,5,8.7,3.1,5,1,1,0,37.7,High Risk
MUST1359,Science,1,19,Male,4.7,5.9,4.8,6.9,3.9,3,1.99,3.2,3,6.4,4.8,10,0,0,0,52.0,Moderate Risk
MUST1360,Business,5,26,Female,3.7,4.6,4.9,8.8,4.4,0,3.47,3.6,2,1.9,5.9,13,1,1,0,64.3,Healthy
MUST1361,Engineering,3,22,Female,3.0,8.6,10.0,5.6,7.7,2,3.03,1.0,3,10.0,7.9,10,0,0,0,20.0,High Risk
MUST1362,Business,5,21,Male,6.7,8.6,4.0,5.2,4.3,0,3.2,7.1,1,3.9,10.0,36,0,1,0,65.9,Healthy
MUST1363,Engineering,3,18,Female,3.4,7.2,3.5,6.3,2.7,1,2.7,1.3,0,8.0,4.9,5,0,0,0,38.8,Moderate Risk
MUST1364,Engineering,4,24,Male,4.2,5.6,5.7,8.8,6.1,3,2.37,1.1,4,5.4,6.1,10,0,1,0,54.1,Moderate Risk
MUST1365,Science,5,20,Male,6.1,6.0,8.2,5.3,7.7,2,3.6,4.7,2,5.9,7.8,45,0,0,0,54.1,Moderate Risk
MUST1366,Engineering,4,23,Male,1.2,3.2,10.0,3.0,2.5,11,3.09,6.9,4,7.3,5.9,5,1,0,0,27.1,High Risk
MUST1367,Science,2,22,Male,8.1,8.4,7.0,6.6,8.9,0,2.03,9.6,5,7.1,9.6,71,0,1,0,70.7,Healthy
MUST1368,Science,2,22,Female,1.7,8.4,2.6,7.8,5.8,1,3.31,6.0,5,4.1,3.0,107,1,0,1,46.0,Moderate Risk
MUST1369,Computer Science,1,22,Male,6.3,3.1,10.0,5.1,7.1,0,3.19,8.4,0,6.3,7.5,5,0,1,0,63.3,Healthy
MUST1370,Computer Science,5,18,Male,6.5,7.9,5.5,7.7,7.9,1,2.7,1.5,2,6.1,7.5,8,0,0,0,56.6,Moderate Risk
MUST1371,Computer Science,4,18,Female,7.6,6.9,3.6,5.0,6.9,4,3.87,9.9,4,5.5,8.5,11,0,1,1,78.9,Healthy
MUST1372,Computer Science,3,20,Female,6.4,3.8,3.0,6.3,4.8,2,2.53,1.0,4,4.5,6.1,37,0,0,1,72.9,Healthy
MUST1373,Computer Science,2,21,Male,10.0,3.3,7.4,7.6,7.4,5,2.8,3.2,7,5.5,8.0,22,0,1,1,87.1,Healthy
MUST1374,Business,2,22,Female,6.9,6.8,6.0,4.8,5.5,0,3.36,5.9,1,9.9,5.5,25,0,1,0,53.6,Moderate Risk
MUST1375,Computer Science,3,19,Male,8.6,5.1,6.3,6.8,7.2,5,2.95,1.0,5,4.3,4.2,35,0,0,0,67.5,Healthy
MUST1376,Engineering,4,25,Female,5.1,10.0,8.5,8.2,7.4,0,2.07,2.2,4,8.0,3.9,5,0,1,0,32.3,High Risk
MUST1377,Architecture,4,19,Female,6.7,8.1,3.7,7.2,2.8,5,3.01,1.8,0,3.5,2.8,44,0,1,0,49.6,Moderate Risk
MUST1378,Computer Science,5,26,Female,9.6,7.0,8.6,5.5,6.6,0,2.65,3.7,2,2.8,5.0,30,0,0,1,62.8,Healthy
MUST1379,Architecture,5,19,Male,6.0,7.2,4.3,8.6,4.6,0,3.41,8.1,3,10.0,6.7,21,0,0,0,66.0,Healthy
MUST1380,Computer Science,1,26,Male,6.9,8.9,10.0,7.4,5.3,1,2.99,4.5,0,6.4,5.5,55,1,0,0,38.9,Moderate Risk
MUST1381,Computer Science,2,24,Male,8.5,7.9,6.9,3.9,5.3,7,2.96,3.3,0,6.4,6.4,30,0,1,0,47.4,Moderate Risk
MUST1382,Business,5,25,Male,5.0,7.1,3.4,7.7,5.2,0,2.27,1.0,0,6.5,8.7,5,1,0,0,56.5,Moderate Risk
MUST1383,Business,4,19,Male,2.2,3.8,1.0,5.7,8.0,1,2.76,5.7,3,8.5,4.9,14,0,0,0,62.6,Healthy
MUST1384,Science,3,24,Female,7.0,10.0,7.4,6.8,2.3,4,3.48,6.5,2,6.0,10.0,17,0,0,1,50.5,Moderate Risk
MUST1385,Business,4,23,Male,8.5,3.6,4.6,7.9,1.6,1,2.43,1.0,2,7.0,7.7,5,0,0,1,77.7,Healthy
MUST1386,Architecture,2,21,Male,3.8,5.3,5.1,5.7,1.1,0,2.88,4.3,2,2.4,5.6,77,1,1,1,53.2,Moderate Risk
MUST1387,Computer Science,4,24,Female,7.8,2.4,7.3,4.2,7.1,1,2.34,5.0,0,7.5,5.5,5,0,1,0,67.8,Healthy
MUST1388,Computer Science,1,21,Male,7.9,7.2,7.8,8.6,3.5,1,2.19,6.9,2,4.4,3.8,29,1,0,0,61.1,Moderate Risk
MUST1389,Architecture,2,19,Female,2.0,6.3,8.3,8.1,5.3,6,2.85,2.7,0,6.7,5.9,17,0,0,0,28.4,High Risk
MUST1390,Architecture,3,24,Male,4.6,7.7,2.8,6.4,4.8,3,3.0,2.3,5,1.0,1.2,5,0,1,0,52.7,Moderate Risk
MUST1391,Science,1,25,Male,5.7,2.2,8.8,7.7,3.2,1,4.0,3.4,6,6.6,8.8,64,0,0,1,69.3,Healthy
MUST1392,Engineering,2,19,Male,6.1,8.4,4.2,6.0,6.7,11,2.63,7.7,0,1.0,1.0,47,0,0,0,48.4,Moderate Risk
MUST1393,Engineering,3,22,Male,5.0,4.2,1.0,6.6,4.7,1,2.87,7.1,2,4.3,6.1,18,0,0,1,79.5,Healthy
MUST1394,Architecture,1,18,Female,4.9,5.7,2.8,6.3,4.5,0,2.15,4.4,2,1.0,3.5,6,0,0,0,64.9,Healthy
MUST1395,Engineering,1,24,Male,9.8,8.0,6.0,6.0,5.5,0,3.27,7.0,3,6.6,4.5,5,0,0,0,69.4,Healthy
MUST1396,Science,2,25,Female,6.3,6.6,3.2,7.0,6.4,1,3.14,1.0,5,5.2,4.7,11,1,1,0,64.3,Healthy
MUST1397,Architecture,5,23,Male,5.1,6.7,5.3,4.8,3.1,0,3.79,6.5,2,3.1,10.0,7,0,0,0,62.9,Healthy
MUST1398,Engineering,1,22,Male,6.4,7.8,6.3,6.1,6.7,7,3.57,1.7,3,8.6,3.6,17,1,1,1,40.6,Moderate Risk
MUST1399,Architecture,1,23,Female,7.6,6.9,5.1,6.9,7.9,3,3.11,8.9,7,2.8,8.0,84,0,0,0,81.3,Healthy
MUST1400,Architecture,3,19,Male,6.6,5.2,4.4,9.1,2.1,0,2.62,1.8,3,1.0,8.6,21,0,0,1,77.4,Healthy
MUST1401,Computer Science,4,18,Female,6.1,5.6,2.6,4.9,5.6,2,3.02,2.4,6,6.3,1.0,55,1,1,1,59.8,Moderate Risk
MUST1402,Science,2,24,Female,5.2,6.5,5.6,7.2,4.4,3,2.83,5.9,4,1.0,4.6,26,1,0,0,60.9,Moderate Risk
MUST1403,Engineering,2,24,Female,5.2,4.0,1.0,7.4,6.4,7,3.47,6.1,2,2.8,9.3,16,1,0,1,84.2,Healthy
MUST1404,Architecture,5,19,Female,5.3,8.2,3.9,3.9,2.6,5,3.4,3.4,2,3.7,3.1,48,0,0,0,41.8,Moderate Risk
MUST1405,Engineering,5,19,Male,7.2,6.6,3.4,7.1,8.3,1,2.72,5.4,3,1.4,8.6,15,0,0,0,81.4,Healthy
MUST1406,Science,2,18,Male,4.5,6.2,4.9,7.7,1.8,3,2.02,5.7,1,3.8,6.0,50,0,1,1,55.2,Moderate Risk
MUST1407,Engineering,5,25,Male,7.3,8.6,5.0,7.3,4.5,2,3.7,5.5,1,1.5,5.9,8,0,0,1,63.4,Healthy
MUST1408,Computer Science,3,25,Female,9.3,5.7,7.7,6.4,5.9,2,3.25,3.5,2,5.4,6.2,5,0,1,0,67.8,Healthy
MUST1409,Science,2,18,Female,7.2,5.6,9.1,7.0,3.6,0,2.71,5.8,4,1.9,6.8,48,1,0,0,65.4,Healthy
MUST1410,Computer Science,5,25,Male,5.8,4.9,2.9,6.7,3.3,0,3.23,8.0,6,5.1,3.9,22,1,0,0,77.0,Healthy
MUST1411,Engineering,2,26,Female,3.9,6.8,10.0,4.1,5.4,1,2.94,1.4,2,7.9,5.4,54,0,1,0,24.3,High Risk
MUST1412,Science,4,21,Male,9.7,6.7,3.7,6.8,5.2,0,3.69,2.4,4,7.0,6.8,69,0,1,0,77.7,Healthy
MUST1413,Science,1,18,Female,4.2,4.5,5.9,6.0,5.0,0,1.74,4.6,0,4.8,6.4,5,1,0,1,55.4,Moderate Risk
MUST1414,Business,2,18,Male,8.2,5.6,6.7,5.5,6.7,3,2.66,1.9,5,2.5,6.8,17,0,0,0,68.6,Healthy
MUST1415,Business,1,20,Female,7.8,4.5,10.0,10.0,4.2,0,3.86,1.0,0,5.4,4.4,11,0,0,0,58.4,Moderate Risk
MUST1416,Engineering,5,22,Female,6.0,4.4,4.3,8.3,5.6,2,3.24,7.2,4,3.3,7.4,24,0,1,0,81.8,Healthy
MUST1417,Computer Science,1,22,Male,6.0,2.2,1.4,4.9,4.0,1,3.96,1.0,3,5.5,6.3,39,0,1,0,78.2,Healthy
MUST1418,Engineering,2,26,Male,2.8,5.5,8.9,7.0,3.3,8,2.17,3.5,3,1.0,2.5,8,1,1,0,33.6,High Risk
MUST1419,Business,4,19,Male,7.2,2.3,3.6,8.5,4.4,1,3.54,6.4,2,7.0,4.8,20,0,0,0,86.0,Healthy
MUST1420,Architecture,5,19,Male,7.7,5.0,4.7,4.4,4.0,0,3.51,5.2,1,5.1,4.0,30,0,1,1,67.2,Healthy
MUST1421,Architecture,2,23,Male,4.3,4.7,2.9,6.6,4.1,2,1.89,3.5,1,10.0,4.0,5,0,0,0,53.5,Moderate Risk
MUST1422,Architecture,5,26,Female,6.2,8.3,4.7,6.7,7.3,4,2.72,1.8,5,8.3,5.0,42,1,0,0,49.3,Moderate Risk
MUST1423,Computer Science,3,18,Female,6.6,3.8,3.6,4.7,4.5,14,2.84,5.4,3,6.4,7.3,23,1,0,1,66.1,Healthy
MUST1424,Engineering,1,26,Female,7.7,4.3,7.1,7.0,3.7,1,1.93,2.0,2,4.7,4.6,74,0,1,0,62.6,Healthy
MUST1425,Computer Science,3,26,Male,6.5,5.2,5.7,8.1,5.1,0,2.74,5.2,4,3.2,6.5,10,0,1,0,74.0,Healthy
MUST1426,Engineering,2,26,Female,3.2,4.7,3.9,8.6,5.2,5,3.42,4.9,3,7.4,6.1,5,0,0,0,58.8,Moderate Risk
MUST1427,Engineering,4,22,Female,5.4,9.0,7.8,6.2,2.6,0,2.67,4.9,2,4.4,4.3,17,0,0,0,39.2,Moderate Risk
MUST1428,Science,5,26,Male,6.9,3.5,6.1,10.0,4.4,2,3.05,2.9,7,7.9,5.2,5,0,1,0,75.5,Healthy
MUST1429,Engineering,1,21,Female,8.2,5.2,1.3,3.6,4.3,1,3.05,9.6,4,6.0,7.9,87,0,0,0,88.3,Healthy
MUST1430,Computer Science,5,19,Female,5.3,6.7,7.6,7.0,4.7,0,2.89,5.4,3,6.0,6.3,5,0,0,1,52.8,Moderate Risk
MUST1431,Computer Science,2,23,Male,10.0,7.9,5.9,4.5,6.5,1,2.48,3.8,2,6.5,7.2,35,0,1,1,65.4,Healthy
MUST1432,Architecture,5,21,Male,2.7,5.2,8.7,6.6,5.3,0,3.3,5.2,5,2.7,8.8,18,0,1,0,52.6,Moderate Risk
MUST1433,Business,1,23,Male,5.4,1.8,5.8,5.8,7.5,2,1.95,2.6,2,2.4,7.0,11,1,0,0,72.1,Healthy
MUST1434,Computer Science,2,20,Male,6.3,5.7,3.7,7.2,5.0,7,2.91,3.5,1,2.4,1.8,5,0,0,0,59.7,Moderate Risk
MUST1435,Computer Science,5,23,Female,6.1,9.0,5.0,6.3,8.6,0,3.73,10.0,6,7.6,6.6,24,0,0,0,64.3,Healthy
MUST1436,Business,4,19,Female,4.0,6.6,7.3,5.3,4.1,4,2.63,2.6,3,2.6,4.6,22,1,0,0,39.5,Moderate Risk
MUST1437,Computer Science,2,19,Female,7.4,6.5,3.7,5.4,3.5,0,2.46,4.3,2,2.9,10.0,8,0,1,0,75.0,Healthy
MUST1438,Architecture,2,26,Male,7.2,3.7,4.5,9.2,6.1,1,3.34,3.4,3,6.3,6.9,60,0,0,0,80.5,Healthy
MUST1439,Business,4,24,Male,6.6,3.4,5.0,7.1,7.7,0,3.0,1.9,5,4.4,4.7,9,0,1,1,75.1,Healthy
MUST1440,Computer Science,3,20,Female,7.2,6.0,2.9,4.1,2.2,6,3.35,5.6,4,4.1,7.2,14,0,0,0,70.3,Healthy
MUST1441,Computer Science,1,18,Female,5.7,2.9,3.8,7.3,4.6,3,2.92,4.6,5,3.8,6.2,19,1,0,1,79.3,Healthy
MUST1442,Science,3,25,Male,3.3,7.7,5.9,6.2,3.8,2,1.47,6.8,1,1.0,2.2,5,0,0,1,41.0,Moderate Risk
MUST1443,Engineering,5,23,Male,5.1,4.1,8.3,6.5,5.3,4,3.61,6.5,5,2.6,7.9,67,1,1,0,64.5,Healthy
MUST1444,Engineering,4,24,Female,6.8,5.9,6.2,7.6,5.0,2,4.0,6.8,3,8.0,5.1,11,0,0,1,64.3,Healthy
MUST1445,Architecture,3,26,Male,6.8,1.9,5.4,8.2,7.7,8,3.67,2.2,3,3.7,9.1,5,0,0,1,82.1,Healthy
MUST1446,Science,2,22,Male,6.6,5.1,3.6,5.3,4.8,3,0.78,6.1,5,1.0,5.7,12,0,0,0,75.6,Healthy
MUST1447,Science,5,18,Female,7.6,3.4,8.0,6.5,7.7,6,3.17,6.2,4,2.5,9.2,22,0,0,0,78.8,Healthy
MUST1448,Architecture,5,24,Male,5.3,1.0,6.5,5.7,4.4,1,2.62,1.9,4,5.9,6.9,18,0,0,0,69.1,Healthy
MUST1449,Engineering,3,22,Male,6.6,7.2,3.9,7.3,6.9,0,2.25,3.7,0,5.9,8.1,29,0,0,1,64.6,Healthy
MUST1450,Computer Science,3,20,Male,7.6,9.6,7.6,6.2,5.5,1,2.97,1.0,3,4.3,4.9,5,0,0,0,44.5,Moderate Risk
MUST1451,Architecture,4,26,Male,6.3,8.5,6.8,6.5,8.5,0,2.81,6.2,2,3.3,6.8,8,0,0,0,57.3,Moderate Risk
MUST1452,Business,1,18,Female,4.0,7.5,3.6,6.1,2.0,2,3.21,6.2,4,1.5,2.2,42,1,0,0,52.1,Moderate Risk
MUST1453,Engineering,3,18,Male,4.6,5.1,5.3,6.4,2.7,1,2.93,8.1,5,5.9,5.7,5,0,0,0,64.1,Healthy
MUST1454,Science,3,18,Male,8.2,7.8,4.4,8.9,8.7,2,2.23,3.9,2,7.1,2.7,48,1,0,0,63.1,Healthy
MUST1455,Computer Science,2,20,Female,9.3,8.7,10.0,9.8,3.5,0,2.55,5.6,2,8.2,3.5,5,0,0,1,53.0,Moderate Risk
MUST1456,Engineering,5,23,Female,8.9,6.3,6.7,7.0,3.7,0,2.46,7.0,6,2.2,4.0,44,0,0,0,76.1,Healthy
MUST1457,Computer Science,1,20,Female,7.0,3.4,5.9,6.4,3.2,1,1.87,2.6,2,8.4,7.5,11,1,1,1,66.9,Healthy
MUST1458,Engineering,2,25,Male,4.1,4.9,6.6,4.3,7.3,7,2.08,2.2,1,4.9,5.7,23,0,0,1,41.7,Moderate Risk
MUST1459,Computer Science,4,19,Male,6.5,9.7,8.7,5.4,2.5,1,2.77,2.7,2,5.1,6.1,5,0,0,0,35.7,High Risk
MUST1460,Computer Science,4,26,Female,9.6,5.8,5.3,6.3,5.0,1,3.75,3.6,2,7.2,5.6,5,0,0,0,73.2,Healthy
MUST1461,Computer Science,3,20,Female,7.7,1.0,4.1,5.5,4.5,3,2.58,2.3,1,3.6,8.4,6,0,1,1,86.1,Healthy
MUST1462,Business,3,22,Male,6.1,2.8,7.4,5.6,7.1,2,2.45,2.8,5,1.0,6.0,5,0,1,1,70.5,Healthy
MUST1463,Business,4,25,Male,7.8,5.1,5.1,8.7,3.9,0,2.19,6.7,0,6.8,6.5,9,1,1,0,75.7,Healthy
MUST1464,Business,3,19,Male,4.0,8.3,3.0,6.5,5.8,1,2.92,4.3,1,5.9,4.7,18,0,0,0,47.8,Moderate Risk
MUST1465,Science,1,23,Female,5.1,5.4,2.6,6.7,2.7,0,3.61,5.3,3,4.1,8.5,22,1,0,0,73.8,Healthy
MUST1466,Engineering,3,22,Female,4.3,8.3,9.0,5.6,9.5,8,4.0,3.1,3,6.6,8.7,39,0,1,1,32.8,High Risk
MUST1467,Computer Science,5,26,Male,7.4,4.8,5.8,8.1,4.5,0,3.07,3.0,6,7.1,5.9,26,0,1,1,72.7,Healthy
MUST1468,Architecture,3,22,Male,7.9,1.7,4.1,6.2,5.0,1,2.98,5.2,6,1.2,4.7,23,0,0,0,93.8,Healthy
MUST1469,Computer Science,2,19,Female,6.2,4.9,5.0,5.8,8.3,0,2.57,4.8,0,5.1,2.4,13,1,1,1,60.8,Moderate Risk
MUST1470,Science,1,22,Female,4.8,6.8,7.4,4.3,3.8,0,2.67,6.4,0,1.0,4.1,16,1,1,0,45.9,Moderate Risk
MUST1471,Computer Science,2,21,Male,6.5,6.6,4.8,6.4,8.3,3,3.28,7.8,3,4.7,1.2,13,0,0,1,62.2,Healthy
MUST1472,Science,2,24,Female,5.5,3.2,2.2,5.7,4.2,0,2.71,2.8,2,4.1,4.0,46,0,0,0,71.4,Healthy
MUST1473,Computer Science,5,23,Female,4.9,5.2,6.2,8.9,6.3,0,2.8,6.7,1,6.2,6.8,6,0,0,0,64.4,Healthy
MUST1474,Science,1,19,Male,7.2,10.0,8.3,9.1,3.9,1,2.88,1.8,3,2.3,5.9,5,0,0,0,48.2,Moderate Risk
MUST1475,Engineering,1,22,Female,5.0,3.3,8.1,4.8,2.3,0,2.55,9.7,3,3.9,10.0,26,0,1,0,69.5,Healthy
MUST1476,Science,1,24,Male,3.4,7.5,4.2,4.9,5.8,0,2.86,2.5,1,1.0,5.2,5,1,0,0,46.1,Moderate Risk
MUST1477,Computer Science,1,24,Female,3.8,1.4,8.4,6.1,6.3,4,1.69,6.2,2,6.4,5.0,55,0,1,0,55.4,Moderate Risk
MUST1478,Business,1,22,Female,3.3,7.9,6.0,5.4,2.4,3,3.23,1.8,2,4.8,8.3,48,1,1,0,36.4,High Risk
MUST1479,Science,5,26,Female,7.0,4.0,8.4,6.8,4.4,6,4.0,4.1,2,5.2,1.8,5,0,0,0,54.9,Moderate Risk
MUST1480,Engineering,3,21,Female,6.8,6.9,6.8,6.0,7.4,4,2.57,8.4,4,1.3,2.7,5,0,0,0,62.3,Healthy
MUST1481,Business,2,20,Male,6.7,3.2,2.0,6.9,6.2,2,3.12,2.5,1,6.0,7.5,17,0,1,1,80.9,Healthy
MUST1482,Business,1,21,Female,7.7,6.6,9.5,7.9,4.2,0,3.41,10.0,2,9.1,5.6,23,0,1,1,60.3,Moderate Risk
MUST1483,Engineering,3,22,Female,8.9,4.0,5.6,5.0,3.8,3,3.67,4.5,2,4.5,5.6,8,1,1,0,75.3,Healthy
MUST1484,Business,3,23,Male,5.3,4.4,6.8,7.9,8.9,4,2.74,6.9,3,6.6,3.9,31,0,0,0,61.0,Moderate Risk
MUST1485,Business,2,20,Female,7.3,7.0,2.4,5.5,2.1,4,1.82,5.5,3,2.8,6.5,22,0,0,0,70.4,Healthy
MUST1486,Science,5,19,Female,3.3,5.1,6.7,9.5,4.9,1,3.06,5.6,7,4.8,4.2,9,0,0,1,59.1,Moderate Risk
MUST1487,Computer Science,4,21,Male,9.3,6.8,8.0,8.8,2.1,0,2.98,1.0,4,1.2,6.2,5,0,1,1,69.5,Healthy
MUST1488,Computer Science,4,22,Female,4.0,5.6,10.0,6.3,7.6,4,2.69,3.3,4,7.0,3.5,34,0,0,0,34.8,High Risk
MUST1489,Science,3,21,Female,5.1,6.1,8.7,5.2,5.0,3,2.82,7.5,3,5.4,5.6,6,1,1,1,48.5,Moderate Risk
MUST1490,Science,2,20,Male,5.3,7.0,6.8,4.9,5.4,9,2.99,3.6,1,2.0,10.0,44,0,0,1,48.6,Moderate Risk
MUST1491,Engineering,4,25,Female,3.4,5.2,1.9,7.7,10.5,0,3.12,4.8,2,3.0,5.1,13,1,1,1,68.4,Healthy
MUST1492,Business,3,21,Male,6.6,3.8,5.8,6.5,3.8,0,3.09,1.0,2,5.2,5.7,21,0,1,0,64.6,Healthy
MUST1493,Computer Science,5,19,Male,6.9,4.8,4.1,7.8,8.5,0,2.77,3.2,4,7.3,5.6,51,0,0,0,73.5,Healthy
MUST1494,Computer Science,4,19,Male,6.1,8.6,6.0,9.6,4.2,3,3.13,7.3,0,8.7,6.4,49,1,0,0,52.4,Moderate Risk
MUST1495,Engineering,3,18,Female,3.4,6.3,2.7,5.4,4.5,0,2.73,1.3,4,4.7,7.0,11,0,0,0,54.5,Moderate Risk
MUST1496,Engineering,3,21,Female,10.0,4.1,5.0,4.8,10.3,0,3.29,6.3,3,1.6,6.6,5,1,0,0,92.7,Healthy
MUST1497,Business,1,26,Male,7.6,6.9,4.3,6.8,4.7,16,2.52,4.9,4,5.6,6.6,37,0,0,0,59.7,Moderate Risk
MUST1498,Computer Science,5,24,Male,10.0,7.0,4.2,8.1,2.3,0,2.94,3.9,2,9.5,5.6,14,0,0,0,73.4,Healthy
MUST1499,Science,1,24,Female,4.9,7.1,4.3,5.2,5.6,4,1.93,3.8,1,1.0,6.2,5,1,0,0,53.6,Moderate Risk
MUST1500,Science,2,24,Male,8.4,3.8,5.2,6.5,4.7,1,2.68,3.3,2,2.6,5.5,58,1,1,0,78.1,Healthy
MUST1501,Business,1,25,Female,8.1,4.5,6.2,8.4,5.7,4,3.24,3.5,2,6.5,2.0,5,0,0,0,66.2,Healthy
MUST1502,Engineering,1,18,Female,5.9,4.5,1.0,4.2,4.7,2,2.28,6.8,4,5.4,10.0,5,0,0,1,83.1,Healthy
MUST1503,Engineering,4,25,Male,9.3,5.2,1.0,6.8,9.4,5,2.71,3.4,4,3.6,7.6,5,0,1,1,93.0,Healthy
MUST1504,Architecture,3,21,Female,5.7,7.2,4.7,5.7,6.1,6,1.46,9.0,6,5.6,3.8,24,1,0,0,58.8,Moderate Risk
MUST1505,Business,5,21,Male,5.8,6.7,5.0,6.7,2.9,0,2.08,5.2,2,7.4,6.5,27,0,1,0,57.2,Moderate Risk
MUST1506,Computer Science,1,21,Female,1.0,6.8,5.9,7.5,5.2,0,2.24,3.1,0,4.8,3.0,9,1,1,0,30.5,High Risk
MUST1507,Science,5,23,Female,7.3,9.0,3.8,6.8,3.4,0,2.96,6.9,2,4.5,4.9,9,0,0,0,63.3,Healthy
MUST1508,Architecture,1,24,Female,3.8,7.5,5.5,5.1,4.5,2,3.1,6.1,3,6.5,2.7,10,0,0,1,40.5,Moderate Risk
MUST1509,Science,2,23,Male,5.4,5.7,5.8,5.8,3.2,5,2.87,1.0,4,4.3,5.9,28,0,0,0,51.1,Moderate Risk
MUST1510,Business,1,18,Female,4.4,3.4,3.8,8.5,9.2,1,2.67,1.9,4,7.9,2.5,5,0,0,0,63.4,Healthy
MUST1511,Business,4,25,Male,5.8,4.4,7.8,7.0,3.6,2,2.67,4.2,2,10.0,6.9,66,1,0,1,53.1,Moderate Risk
MUST1512,Engineering,3,24,Male,7.4,5.4,5.9,7.7,6.4,0,3.33,1.0,6,2.8,7.5,6,0,0,0,75.0,Healthy
MUST1513,Science,2,23,Male,6.5,7.8,6.8,6.9,4.4,4,3.03,9.7,1,1.9,4.2,120,1,0,0,56.4,Moderate Risk
MUST1514,Architecture,1,23,Female,7.9,5.9,5.7,7.6,2.7,8,2.7,6.6,3,5.9,6.4,5,0,0,0,67.8,Healthy
MUST1515,Computer Science,5,22,Female,9.0,4.6,10.0,5.9,5.4,0,3.68,4.5,1,1.8,4.1,36,1,0,0,65.2,Healthy
MUST1516,Computer Science,2,23,Female,5.8,4.4,6.9,5.4,5.8,1,4.0,3.6,3,1.7,7.1,6,1,0,0,65.7,Healthy
MUST1517,Engineering,2,26,Female,5.5,5.8,4.4,7.6,6.1,0,2.15,3.0,6,1.0,4.5,5,0,1,0,69.3,Healthy
MUST1518,Architecture,1,26,Male,8.4,8.0,7.4,8.1,0.0,2,3.21,1.0,3,4.0,7.7,51,0,0,0,57.2,Moderate Risk
MUST1519,Science,2,25,Female,8.6,9.5,1.7,5.2,2.5,1,4.0,1.0,3,4.9,2.0,48,0,0,1,57.3,Moderate Risk
MUST1520,Computer Science,5,26,Male,8.0,5.5,5.8,5.7,6.9,0,3.07,9.3,0,3.7,3.8,12,1,0,0,73.2,Healthy
MUST1521,Business,2,25,Female,4.6,5.9,6.2,6.3,3.2,1,2.97,8.4,2,8.5,3.6,30,1,0,1,50.3,Moderate Risk
MUST1522,Engineering,5,25,Female,7.3,3.3,5.8,8.8,5.4,1,2.87,3.1,5,8.3,6.4,20,0,0,0,76.9,Healthy
MUST1523,Science,1,18,Female,6.7,10.0,4.7,7.3,2.5,1,3.19,6.8,3,9.8,7.2,47,1,0,0,52.7,Moderate Risk
MUST1524,Architecture,3,22,Female,8.6,2.9,3.2,4.6,6.5,2,3.35,5.8,2,5.1,6.6,9,0,0,0,88.2,Healthy
MUST1525,Architecture,2,21,Male,5.4,8.6,3.7,6.4,6.9,0,2.15,6.1,5,8.0,4.9,18,0,0,0,55.9,Moderate Risk
MUST1526,Engineering,3,19,Male,3.2,5.2,5.7,6.2,6.5,3,2.88,1.0,2,5.8,1.0,16,1,0,0,37.7,High Risk
MUST1527,Engineering,5,25,Female,7.9,4.7,2.9,4.9,7.1,3,1.54,1.0,5,5.5,6.1,10,0,0,0,74.2,Healthy
MUST1528,Computer Science,2,20,Male,1.4,3.6,9.6,6.4,8.1,1,2.77,7.5,1,3.8,7.7,55,1,0,1,46.0,Moderate Risk
MUST1529,Computer Science,4,21,Male,5.0,10.0,1.0,6.1,2.7,0,2.36,1.0,4,1.0,10.0,5,0,0,0,60.7,Moderate Risk
MUST1530,Architecture,3,24,Male,4.5,6.5,4.8,6.0,3.4,3,3.1,4.1,6,6.6,5.1,5,0,1,0,52.7,Moderate Risk
MUST1531,Architecture,2,26,Female,4.4,6.0,5.8,5.9,6.8,7,1.91,3.6,5,7.9,4.5,21,0,1,1,45.1,Moderate Risk
MUST1532,Science,3,19,Male,5.0,8.0,6.7,8.6,7.3,0,2.59,3.3,0,1.2,6.7,26,0,0,0,52.7,Moderate Risk
MUST1533,Science,2,20,Male,8.9,4.6,3.4,6.0,3.7,0,3.48,5.3,2,5.0,5.4,5,1,0,0,83.3,Healthy
MUST1534,Business,1,21,Female,8.1,6.0,8.1,6.6,3.5,0,2.49,2.8,3,7.5,8.8,12,0,0,1,62.0,Healthy
MUST1535,Architecture,3,18,Female,6.0,6.1,2.3,6.4,3.7,2,1.76,5.5,5,4.1,4.2,73,0,1,0,68.8,Healthy
MUST1536,Science,4,24,Male,8.8,4.9,4.2,5.8,1.8,0,3.05,4.9,1,8.0,5.5,7,0,0,0,73.4,Healthy
MUST1537,Architecture,4,19,Male,4.4,8.6,6.9,6.6,2.5,1,2.55,9.7,1,4.6,7.9,27,0,1,0,48.9,Moderate Risk
MUST1538,Computer Science,5,22,Male,4.1,5.5,7.9,6.6,2.5,2,2.79,1.0,0,3.7,6.7,33,1,1,0,41.2,Moderate Risk
MUST1539,Engineering,2,18,Male,8.2,2.6,2.3,6.6,4.4,2,2.46,4.6,2,8.1,8.6,14,0,1,0,89.7,Healthy
MUST1540,Computer Science,3,20,Male,7.7,5.3,10.0,5.3,5.5,1,4.0,5.6,1,2.7,5.0,69,0,0,0,57.3,Moderate Risk
MUST1541,Science,5,19,Female,5.6,6.5,3.4,6.2,5.9,1,1.97,3.9,6,3.2,8.8,33,1,0,1,71.1,Healthy
MUST1542,Business,3,18,Female,4.2,4.0,2.5,7.6,4.0,2,4.0,1.2,2,2.8,2.3,15,0,0,1,62.5,Healthy
MUST1543,Computer Science,2,24,Female,9.4,4.2,6.7,6.2,4.0,0,2.67,7.6,4,2.1,2.4,21,1,0,0,81.4,Healthy
MUST1544,Business,4,22,Male,3.1,4.8,4.7,6.7,5.2,0,3.01,5.3,3,5.4,8.8,29,0,0,0,61.6,Moderate Risk
MUST1545,Business,1,18,Female,5.3,8.7,4.4,6.7,2.0,5,2.56,1.3,3,3.7,6.0,22,0,1,1,45.2,Moderate Risk
MUST1546,Engineering,4,23,Male,7.0,4.9,6.9,7.1,6.9,0,2.53,5.6,2,6.2,8.0,52,1,0,0,69.6,Healthy
MUST1547,Computer Science,5,22,Female,10.0,9.1,2.0,7.3,7.6,3,2.43,8.8,4,1.0,6.2,11,0,0,0,89.7,Healthy
MUST1548,Business,1,20,Female,7.3,4.6,1.6,6.3,3.7,6,3.26,4.4,3,2.2,6.0,8,0,0,0,81.3,Healthy
MUST1549,Engineering,5,24,Male,7.5,6.7,4.1,5.2,4.2,0,2.05,4.5,3,5.1,3.1,6,0,1,1,62.9,Healthy
MUST1550,Architecture,2,26,Female,5.4,5.0,8.0,4.8,7.5,1,3.12,8.4,2,8.7,5.9,5,0,1,0,54.9,Moderate Risk
MUST1551,Engineering,1,26,Male,7.6,7.7,4.2,7.9,4.8,2,1.59,2.1,2,5.9,9.0,5,0,0,1,65.8,Healthy
MUST1552,Architecture,5,26,Female,6.7,3.5,9.2,7.6,6.2,5,3.06,8.8,4,3.5,6.1,51,1,0,0,70.9,Healthy
MUST1553,Business,2,19,Male,3.3,7.6,8.3,7.4,4.8,7,3.41,6.9,3,1.3,7.5,28,0,0,0,44.0,Moderate Risk
MUST1554,Business,4,20,Male,8.1,6.3,6.2,7.6,8.1,3,2.14,2.2,3,3.4,7.4,27,0,0,0,69.2,Healthy
MUST1555,Science,2,24,Female,8.4,4.6,6.3,6.3,6.0,0,3.31,2.8,2,4.9,3.8,23,1,0,0,69.0,Healthy
MUST1556,Engineering,3,22,Male,8.1,5.6,6.1,5.6,6.1,2,2.93,3.2,6,1.0,7.9,47,0,1,1,76.0,Healthy
MUST1557,Computer Science,2,19,Female,6.6,9.4,5.9,5.1,6.1,1,3.86,1.0,2,2.0,5.3,16,0,0,1,46.5,Moderate Risk
MUST1558,Computer Science,2,20,Male,4.6,6.3,4.7,5.0,3.9,1,2.39,5.2,3,3.2,5.4,51,1,0,0,55.0,Moderate Risk
MUST1559,Architecture,3,23,Female,1.9,4.5,4.9,8.2,4.1,0,4.0,2.3,3,4.4,10.0,11,1,0,1,58.7,Moderate Risk
MUST1560,Business,5,24,Female,6.8,3.3,3.0,5.8,6.5,0,1.47,5.2,7,4.9,7.3,65,0,1,1,86.6,Healthy
MUST1561,Business,5,26,Male,8.7,7.1,1.0,8.0,5.3,3,2.7,1.3,2,3.5,4.6,29,0,0,0,76.7,Healthy
MUST1562,Computer Science,2,18,Male,8.5,6.4,8.0,6.2,2.6,1,1.88,6.8,2,6.3,6.1,7,0,0,0,62.4,Healthy
MUST1563,Computer Science,3,24,Male,8.1,7.5,5.9,5.6,8.7,0,4.0,6.3,3,5.3,6.1,20,0,1,0,67.8,Healthy
MUST1564,Computer Science,3,25,Male,6.4,2.8,5.5,5.0,7.0,1,2.74,2.7,2,4.1,9.7,19,0,0,0,75.2,Healthy
MUST1565,Engineering,4,20,Male,8.7,3.4,6.4,5.7,5.1,4,2.8,5.4,3,6.6,6.1,5,1,1,0,75.8,Healthy
MUST1566,Business,5,21,Female,8.3,8.5,3.6,8.5,4.5,3,3.17,4.7,7,6.4,10.0,22,1,0,0,78.2,Healthy
MUST1567,Engineering,1,23,Female,5.7,6.7,3.2,5.0,5.4,0,2.9,8.2,4,1.4,3.1,9,1,1,0,68.7,Healthy
MUST1568,Engineering,5,24,Female,7.9,7.2,4.8,9.5,6.0,0,2.54,1.9,3,4.9,5.9,5,0,0,1,70.1,Healthy
MUST1569,Science,5,21,Female,5.4,3.9,8.6,5.3,0.9,0,2.15,4.1,2,7.2,4.3,74,1,0,1,46.7,Moderate Risk
MUST1570,Engineering,4,25,Female,7.6,3.8,2.8,7.5,9.2,6,3.0,2.9,6,7.6,4.9,25,0,1,0,79.8,Healthy
MUST1571,Engineering,1,22,Female,3.9,8.2,1.0,6.3,3.4,2,3.13,4.6,6,5.9,5.0,52,0,0,0,56.5,Moderate Risk
MUST1572,Architecture,4,18,Male,4.1,8.3,4.3,6.1,5.0,1,3.32,5.8,5,4.4,4.4,28,0,0,0,50.9,Moderate Risk
MUST1573,Engineering,1,21,Female,8.6,3.6,8.1,4.7,5.1,2,4.0,2.9,4,6.1,9.8,11,0,0,0,73.6,Healthy
MUST1574,Business,2,20,Female,8.4,3.2,1.5,6.4,9.0,1,1.6,3.6,3,7.0,9.1,17,1,0,0,93.7,Healthy
MUST1575,Architecture,1,26,Female,7.8,5.8,2.8,4.9,4.8,4,2.86,6.9,4,5.3,6.9,28,0,0,0,77.4,Healthy
MUST1576,Science,4,25,Male,6.7,4.2,6.1,4.1,8.2,1,3.62,7.9,1,5.6,5.0,80,0,1,0,66.6,Healthy
MUST1577,Computer Science,5,18,Male,1.7,4.2,10.0,6.7,5.8,0,2.83,5.7,1,4.4,4.5,7,1,1,0,37.5,High Risk
MUST1578,Science,1,23,Male,6.4,3.2,2.4,5.6,3.1,0,1.5,4.2,0,1.7,7.6,51,0,0,0,80.2,Healthy
MUST1579,Engineering,1,26,Female,7.4,5.0,2.3,8.9,5.3,1,2.13,3.9,4,4.6,6.7,64,1,0,0,84.3,Healthy
MUST1580,Computer Science,3,24,Female,5.4,3.5,6.3,7.9,4.8,6,3.1,5.9,1,3.3,5.7,27,0,0,1,65.7,Healthy
MUST1581,Engineering,5,21,Male,5.1,3.6,8.3,8.9,2.8,0,3.08,5.1,2,3.3,7.2,66,0,1,1,64.7,Healthy
MUST1582,Science,2,18,Female,9.4,6.7,4.1,5.5,5.7,5,3.3,1.0,3,8.6,8.0,12,1,0,0,67.7,Healthy
MUST1583,Engineering,4,19,Male,6.4,5.9,1.8,6.7,5.0,3,2.43,5.9,5,7.4,5.7,76,0,0,0,72.6,Healthy
MUST1584,Engineering,2,22,Male,7.4,7.1,6.5,3.0,6.1,0,3.06,2.3,2,1.0,4.3,30,0,0,0,53.8,Moderate Risk
MUST1585,Business,5,22,Male,8.0,2.4,6.9,6.1,5.4,0,2.33,1.0,5,2.3,3.1,5,0,0,0,74.6,Healthy
MUST1586,Computer Science,1,25,Female,4.5,6.0,9.6,6.6,3.7,0,3.06,1.0,5,4.1,6.6,59,0,0,0,42.8,Moderate Risk
MUST1587,Computer Science,1,23,Female,6.9,10.0,7.0,6.7,6.5,3,2.93,4.0,1,3.4,10.0,16,0,0,0,51.7,Moderate Risk
MUST1588,Computer Science,5,25,Male,9.1,5.2,7.4,6.4,3.8,0,2.41,2.0,5,5.8,3.6,15,0,1,1,66.1,Healthy
MUST1589,Computer Science,1,19,Female,10.0,7.8,4.9,6.6,0.0,1,3.83,1.0,2,1.9,8.4,20,0,0,0,72.5,Healthy
MUST1590,Computer Science,1,20,Male,6.6,7.8,10.0,3.0,5.3,1,1.88,3.6,2,7.4,4.5,5,1,0,1,32.4,High Risk
MUST1591,Computer Science,1,23,Female,6.0,7.9,4.6,6.9,3.9,3,2.82,3.3,2,4.9,5.0,15,0,0,0,52.4,Moderate Risk
MUST1592,Business,4,20,Female,7.0,6.4,4.1,7.2,5.8,0,2.39,4.1,3,4.1,8.0,44,0,0,0,72.9,Healthy
MUST1593,Computer Science,4,23,Female,7.0,7.2,9.7,8.4,9.0,1,4.0,2.9,2,5.0,5.4,5,0,0,0,51.9,Moderate Risk
MUST1594,Engineering,3,23,Male,9.3,7.5,2.1,7.0,9.1,1,3.26,9.1,1,4.0,6.5,7,1,0,0,88.3,Healthy
MUST1595,Science,2,19,Female,4.5,7.4,1.3,6.3,4.7,1,2.51,5.8,2,1.0,6.5,5,1,1,0,67.3,Healthy
MUST1596,Engineering,5,24,Female,5.9,3.5,5.8,8.0,3.3,4,2.73,3.3,3,5.0,4.5,13,0,0,0,64.9,Healthy
MUST1597,Business,5,19,Male,4.3,2.2,5.5,3.2,6.2,0,4.0,4.3,3,4.2,8.0,32,1,0,0,67.2,Healthy
MUST1598,Computer Science,5,23,Female,4.5,2.6,5.0,5.8,4.3,4,2.33,8.0,4,2.6,5.9,40,0,0,0,72.4,Healthy
MUST1599,Computer Science,3,18,Male,7.3,5.4,7.8,5.4,5.8,2,1.84,6.9,3,7.7,2.9,72,0,1,0,55.2,Moderate Risk
MUST1600,Computer Science,4,20,Female,8.1,7.3,3.4,6.5,3.7,2,3.07,1.0,3,6.7,4.0,23,0,1,1,61.0,Moderate Risk
